-- MySQL dump 10.13  Distrib 8.0.43, for Linux (x86_64)
--
-- Host: localhost    Database: plataforma_videojocs
-- ------------------------------------------------------
-- Server version	8.0.43-0ubuntu0.24.04.2

/*!40101 SET @OLD_CHARACTER_SET_CLIENT=@@CHARACTER_SET_CLIENT */;
/*!40101 SET @OLD_CHARACTER_SET_RESULTS=@@CHARACTER_SET_RESULTS */;
/*!40101 SET @OLD_COLLATION_CONNECTION=@@COLLATION_CONNECTION */;
/*!50503 SET NAMES utf8mb4 */;
/*!40103 SET @OLD_TIME_ZONE=@@TIME_ZONE */;
/*!40103 SET TIME_ZONE='+00:00' */;
/*!40014 SET @OLD_UNIQUE_CHECKS=@@UNIQUE_CHECKS, UNIQUE_CHECKS=0 */;
/*!40014 SET @OLD_FOREIGN_KEY_CHECKS=@@FOREIGN_KEY_CHECKS, FOREIGN_KEY_CHECKS=0 */;
/*!40101 SET @OLD_SQL_MODE=@@SQL_MODE, SQL_MODE='NO_AUTO_VALUE_ON_ZERO' */;
/*!40111 SET @OLD_SQL_NOTES=@@SQL_NOTES, SQL_NOTES=0 */;

--
-- Table structure for table `jocs`
--

DROP TABLE IF EXISTS `jocs`;
/*!40101 SET @saved_cs_client     = @@character_set_client */;
/*!50503 SET character_set_client = utf8mb4 */;
CREATE TABLE `jocs` (
  `id` int NOT NULL AUTO_INCREMENT,
  `nom_joc` varchar(50) COLLATE utf8mb4_unicode_ci NOT NULL,
  `descripcio` text COLLATE utf8mb4_unicode_ci,
  `puntuacio_maxima` int DEFAULT '0',
  `nivells_totals` int DEFAULT '1',
  `actiu` tinyint(1) DEFAULT '1',
  PRIMARY KEY (`id`)
) ENGINE=InnoDB AUTO_INCREMENT=5 DEFAULT CHARSET=utf8mb4 COLLATE=utf8mb4_unicode_ci;
/*!40101 SET character_set_client = @saved_cs_client */;

--
-- Dumping data for table `jocs`
--

LOCK TABLES `jocs` WRITE;
/*!40000 ALTER TABLE `jocs` DISABLE KEYS */;
INSERT INTO `jocs` VALUES (1,'Las navecitas','Joc de acci칩 on el jugador controla una nau que ha de evitar asteroides i derrotar enemics per superar nivells.',1000,5,1),(4,'Flappy Bird','El cl치sico juego donde el p치jaro debe esquivar los obst치culos.',1000,5,1);
/*!40000 ALTER TABLE `jocs` ENABLE KEYS */;
UNLOCK TABLES;

--
-- Table structure for table `nivells_joc`
--

DROP TABLE IF EXISTS `nivells_joc`;
/*!40101 SET @saved_cs_client     = @@character_set_client */;
/*!50503 SET character_set_client = utf8mb4 */;
CREATE TABLE `nivells_joc` (
  `id` int NOT NULL AUTO_INCREMENT,
  `joc_id` int NOT NULL,
  `nivell` int NOT NULL,
  `nom_nivell` varchar(50) COLLATE utf8mb4_unicode_ci DEFAULT NULL,
  `configuracio_json` json NOT NULL,
  `puntuacio_minima` int DEFAULT '0',
  PRIMARY KEY (`id`),
  KEY `joc_id` (`joc_id`),
  CONSTRAINT `nivells_joc_ibfk_1` FOREIGN KEY (`joc_id`) REFERENCES `jocs` (`id`) ON DELETE CASCADE
) ENGINE=InnoDB AUTO_INCREMENT=17 DEFAULT CHARSET=utf8mb4 COLLATE=utf8mb4_unicode_ci;
/*!40101 SET character_set_client = @saved_cs_client */;

--
-- Dumping data for table `nivells_joc`
--

LOCK TABLES `nivells_joc` WRITE;
/*!40000 ALTER TABLE `nivells_joc` DISABLE KEYS */;
INSERT INTO `nivells_joc` VALUES (7,4,1,'Nivel 1','{\"velocidad\": 5, \"obstaculos\": 10}',10),(8,4,2,'Nivel 2','{\"velocidad\": 6, \"obstaculos\": 20}',20),(9,4,3,'Nivel 3','{\"velocidad\": 7, \"obstaculos\": 30}',30),(10,4,4,'Nivel 4','{\"velocidad\": 8, \"obstaculos\": 40}',40),(11,4,5,'Nivel 5','{\"velocidad\": 9, \"obstaculos\": 50}',50),(12,1,1,'Nivell 1','{\"vides\": 3, \"maxEnemics\": 5, \"puntsNivell\": 100, \"maxAsteroides\": 30}',100),(13,1,2,'Nivell 2','{\"vides\": 3, \"maxEnemics\": 8, \"puntsNivell\": 200, \"maxAsteroides\": 40}',200),(14,1,3,'Nivell 3','{\"vides\": 3, \"maxEnemics\": 10, \"puntsNivell\": 300, \"maxAsteroides\": 60}',300),(15,1,4,'Nivell 4','{\"vides\": 2, \"maxEnemics\": 12, \"puntsNivell\": 400, \"maxAsteroides\": 80}',400),(16,1,5,'Nivell 5','{\"vides\": 1, \"maxEnemics\": 15, \"puntsNivell\": 500, \"maxAsteroides\": 100}',500);
/*!40000 ALTER TABLE `nivells_joc` ENABLE KEYS */;
UNLOCK TABLES;

--
-- Table structure for table `partides`
--

DROP TABLE IF EXISTS `partides`;
/*!40101 SET @saved_cs_client     = @@character_set_client */;
/*!50503 SET character_set_client = utf8mb4 */;
CREATE TABLE `partides` (
  `id` int NOT NULL AUTO_INCREMENT,
  `usuari_id` int NOT NULL,
  `joc_id` int NOT NULL,
  `nivell_jugat` int NOT NULL,
  `puntuacio_obtinguda` int NOT NULL,
  `data_partida` datetime DEFAULT CURRENT_TIMESTAMP,
  `durada_segons` int DEFAULT '0',
  PRIMARY KEY (`id`),
  KEY `usuari_id` (`usuari_id`),
  KEY `joc_id` (`joc_id`),
  CONSTRAINT `partides_ibfk_1` FOREIGN KEY (`usuari_id`) REFERENCES `usuaris` (`id`) ON DELETE CASCADE,
  CONSTRAINT `partides_ibfk_2` FOREIGN KEY (`joc_id`) REFERENCES `jocs` (`id`) ON DELETE CASCADE
) ENGINE=InnoDB AUTO_INCREMENT=1874 DEFAULT CHARSET=utf8mb4 COLLATE=utf8mb4_unicode_ci;
/*!40101 SET character_set_client = @saved_cs_client */;

--
-- Dumping data for table `partides`
--

LOCK TABLES `partides` WRITE;
/*!40000 ALTER TABLE `partides` DISABLE KEYS */;
INSERT INTO `partides` VALUES (4,1,4,1,3,'2025-10-24 14:43:39',10),(5,1,4,1,4,'2025-10-24 14:44:12',15),(6,1,4,1,2,'2025-10-24 14:44:50',30),(7,1,4,1,3,'2025-10-24 14:47:52',30),(8,1,4,1,10,'2025-10-24 14:48:21',50),(9,1,4,1,13,'2025-10-24 14:48:43',50),(10,1,4,1,10,'2025-10-24 14:55:05',10),(11,1,4,1,15,'2025-10-24 14:55:24',15),(12,1,4,1,5,'2025-10-24 14:55:40',3),(13,1,4,2,4,'2025-10-24 14:56:06',3),(14,1,4,2,4,'2025-10-24 15:00:11',3),(15,1,4,1,50,'2025-10-24 15:00:24',3),(16,1,4,3,1,'2025-10-24 15:00:37',3),(17,1,4,1,0,'2025-10-24 19:45:13',0),(18,1,4,1,0,'2025-10-24 19:45:20',7),(19,1,4,1,0,'2025-10-24 19:45:24',11),(20,1,4,1,0,'2025-10-24 19:45:29',15),(21,1,4,1,0,'2025-10-24 19:45:33',19),(22,1,4,3,1,'2025-10-24 20:22:58',1),(23,1,4,3,0,'2025-10-24 20:22:59',0),(24,1,4,3,0,'2025-10-24 20:23:00',0),(25,1,4,3,3,'2025-10-24 20:23:07',5),(26,1,4,3,1,'2025-10-24 20:23:10',2),(27,1,4,3,1,'2025-10-24 20:23:13',2),(28,1,4,3,1,'2025-10-24 20:23:15',1),(29,1,4,3,8,'2025-10-24 20:23:28',12),(30,1,4,3,0,'2025-10-24 20:23:29',0),(31,1,4,3,16,'2025-10-24 20:23:55',24),(32,1,4,3,0,'2025-10-24 20:25:17',0),(33,1,4,3,0,'2025-10-24 20:27:40',0),(34,1,4,3,0,'2025-10-24 20:27:41',0),(35,1,4,3,1,'2025-10-24 20:27:50',1),(36,1,4,3,0,'2025-10-24 20:27:52',0),(37,1,4,3,0,'2025-10-24 20:27:53',0),(38,1,4,3,1,'2025-10-24 20:27:56',2),(39,1,4,3,1,'2025-10-24 20:27:58',1),(40,1,4,3,0,'2025-10-24 20:27:58',0),(41,1,4,3,0,'2025-10-24 20:28:00',0),(42,1,4,3,0,'2025-10-24 20:28:00',0),(43,1,4,3,5,'2025-10-24 20:28:09',8),(44,1,4,3,0,'2025-10-24 20:28:09',0),(45,1,4,3,0,'2025-10-24 20:28:10',0),(46,1,4,3,0,'2025-10-24 20:28:11',0),(47,1,4,3,4,'2025-10-24 20:28:18',6),(48,1,4,3,0,'2025-10-24 20:28:19',0),(49,1,4,3,1,'2025-10-24 20:28:22',2),(50,1,4,3,0,'2025-10-24 20:28:23',0),(51,1,4,3,2,'2025-10-24 20:28:27',3),(52,1,4,3,0,'2025-10-24 20:28:28',0),(53,1,4,3,0,'2025-10-24 20:28:28',0),(54,1,4,3,0,'2025-10-24 20:28:29',0),(55,1,4,3,0,'2025-10-24 20:28:30',0),(56,1,4,3,0,'2025-10-24 20:44:44',0),(57,1,4,3,0,'2025-10-24 20:45:16',0),(58,24,4,1,3,'2025-10-24 20:49:40',5),(59,24,4,1,2,'2025-10-24 20:50:02',4),(60,24,4,1,0,'2025-10-24 20:50:02',0),(61,24,4,1,3,'2025-10-24 20:50:23',5),(62,24,4,1,2,'2025-10-24 20:50:28',3),(63,24,4,1,1,'2025-10-24 20:50:31',2),(64,24,4,1,1,'2025-10-24 20:50:34',2),(65,24,4,1,0,'2025-10-24 20:50:35',0),(66,24,4,1,6,'2025-10-24 20:50:45',10),(67,24,4,1,0,'2025-10-24 20:50:46',0),(68,24,4,1,4,'2025-10-24 20:50:53',6),(69,24,4,1,0,'2025-10-24 20:50:54',0),(70,24,4,1,1,'2025-10-24 20:50:56',1),(71,24,4,1,1,'2025-10-24 20:50:58',2),(72,24,4,1,10,'2025-10-24 20:51:14',14),(73,24,4,2,4,'2025-10-24 20:51:32',6),(74,24,4,1,0,'2025-10-24 20:53:38',0),(75,24,4,1,0,'2025-10-24 20:53:40',0),(76,24,4,1,0,'2025-10-24 20:53:41',0),(77,24,4,1,1,'2025-10-24 20:53:43',1),(78,24,4,1,0,'2025-10-24 20:53:44',0),(79,24,4,1,1,'2025-10-24 20:53:46',2),(80,24,4,1,0,'2025-10-24 20:53:48',0),(81,24,4,2,1,'2025-10-24 20:56:42',2),(82,24,4,2,0,'2025-10-24 20:56:42',0),(83,24,4,2,1,'2025-10-24 20:56:45',2),(84,24,4,2,3,'2025-10-24 20:56:50',5),(85,24,4,2,1,'2025-10-24 20:57:09',2),(86,24,4,2,5,'2025-10-24 20:57:19',8),(87,24,4,2,0,'2025-10-24 20:57:28',0),(88,24,4,2,0,'2025-10-24 20:57:29',0),(89,24,4,2,2,'2025-10-24 20:57:33',3),(90,24,4,2,1,'2025-10-24 20:57:35',1),(91,24,4,2,13,'2025-10-24 20:57:56',20),(92,24,4,2,0,'2025-10-24 20:57:57',0),(93,24,4,2,0,'2025-10-24 20:58:00',0),(94,24,4,2,1,'2025-10-24 20:58:04',2),(95,24,4,2,0,'2025-10-24 20:58:05',0),(96,24,4,2,1,'2025-10-24 20:58:08',2),(97,24,4,2,0,'2025-10-24 20:58:09',0),(98,24,4,2,11,'2025-10-24 20:58:27',17),(99,24,4,2,0,'2025-10-24 20:58:28',0),(100,24,4,2,1,'2025-10-24 20:58:31',2),(101,24,4,2,0,'2025-10-24 20:58:32',0),(102,24,4,2,0,'2025-10-24 20:58:34',0),(103,24,4,2,0,'2025-10-24 20:58:34',0),(104,24,4,2,1,'2025-10-24 20:58:37',2),(105,24,4,2,0,'2025-10-24 20:58:38',0),(106,24,4,2,0,'2025-10-24 20:58:39',0),(107,24,4,2,1,'2025-10-24 20:58:43',2),(108,24,4,2,0,'2025-10-24 20:58:43',0),(109,24,4,2,7,'2025-10-24 20:58:55',11),(110,24,4,2,0,'2025-10-24 20:58:56',0),(111,24,4,2,9,'2025-10-24 20:59:10',14),(112,24,4,2,0,'2025-10-24 20:59:12',0),(113,24,4,2,6,'2025-10-24 20:59:23',9),(114,24,4,2,0,'2025-10-24 20:59:24',0),(115,24,4,2,0,'2025-10-24 20:59:25',0),(116,24,4,2,1,'2025-10-24 20:59:28',2),(117,24,4,2,1,'2025-10-24 20:59:31',2),(118,24,4,2,13,'2025-10-24 20:59:52',20),(119,24,4,2,3,'2025-10-24 20:59:58',5),(120,24,4,2,1,'2025-10-24 21:00:03',2),(121,24,4,2,15,'2025-10-24 21:00:26',22),(122,24,4,2,2,'2025-10-24 21:00:42',3),(123,24,4,2,3,'2025-10-24 21:10:03',4),(124,24,4,2,0,'2025-10-24 21:12:25',0),(125,24,4,2,1,'2025-10-24 21:12:28',2),(126,24,4,2,0,'2025-10-24 21:12:29',0),(127,24,4,2,0,'2025-10-24 21:12:30',0),(128,24,4,2,2,'2025-10-24 21:12:32',1),(129,24,4,2,1,'2025-10-24 21:12:35',2),(130,24,4,2,2,'2025-10-24 21:12:41',3),(131,24,4,2,7,'2025-10-24 21:13:26',11),(132,24,4,2,2,'2025-10-24 21:13:46',3),(133,27,4,1,10,'2025-10-24 21:15:23',14),(134,27,4,2,0,'2025-10-24 21:15:26',0),(135,27,4,1,1,'2025-10-24 21:15:27',1),(136,27,4,1,3,'2025-10-24 21:15:33',5),(137,27,4,2,1,'2025-10-24 21:16:27',2),(138,27,4,2,0,'2025-10-24 21:16:33',0),(139,27,4,2,2,'2025-10-24 21:16:38',3),(140,27,4,2,0,'2025-10-24 21:16:45',0),(141,27,4,2,0,'2025-10-24 21:16:46',0),(142,27,4,2,8,'2025-10-24 21:17:00',12),(143,27,4,2,0,'2025-10-24 21:17:01',0),(144,27,4,2,0,'2025-10-24 21:17:02',0),(145,27,4,2,0,'2025-10-24 21:20:39',0),(146,27,4,2,0,'2025-10-24 21:20:40',0),(147,27,4,2,0,'2025-10-24 21:20:41',0),(148,27,4,2,1,'2025-10-24 21:20:44',2),(149,27,4,2,1,'2025-10-24 21:20:47',2),(150,27,4,2,2,'2025-10-24 21:20:52',3),(151,27,4,2,0,'2025-10-24 21:20:53',0),(152,27,4,2,0,'2025-10-24 21:20:54',0),(153,27,4,2,0,'2025-10-24 21:20:54',0),(154,27,4,2,15,'2025-10-24 21:21:17',22),(155,27,4,2,0,'2025-10-24 21:21:18',0),(157,27,4,2,1,'2025-10-24 21:32:36',1),(158,24,4,2,0,'2025-10-24 23:17:53',0),(159,24,4,2,0,'2025-10-24 23:18:10',0),(160,24,4,2,6,'2025-10-24 23:18:27',9),(161,24,4,2,0,'2025-10-24 23:18:29',0),(162,24,4,2,0,'2025-10-24 23:18:29',0),(163,24,4,2,0,'2025-10-24 23:18:30',0),(164,24,4,2,0,'2025-10-24 23:18:30',0),(165,24,4,2,1,'2025-10-24 23:18:32',1),(166,24,4,2,0,'2025-10-24 23:18:33',0),(167,24,4,2,20,'2025-10-24 23:19:04',29),(168,24,4,2,0,'2025-10-24 23:19:04',0),(169,24,4,2,0,'2025-10-24 23:19:06',0),(170,24,4,3,1,'2025-10-24 23:19:09',1),(171,24,4,2,1,'2025-10-24 23:19:11',2),(172,24,4,3,1,'2025-10-24 23:19:17',2),(173,24,4,3,0,'2025-10-24 23:19:19',0),(174,24,4,3,0,'2025-10-24 23:19:21',0),(175,24,4,3,3,'2025-10-24 23:19:26',5),(176,24,4,3,0,'2025-10-24 23:19:27',0),(177,24,4,3,0,'2025-10-24 23:20:22',0),(178,24,4,3,0,'2025-10-24 23:20:23',0),(179,24,4,3,0,'2025-10-24 23:20:23',0),(180,24,4,3,0,'2025-10-24 23:20:24',0),(181,24,4,3,0,'2025-10-24 23:20:25',0),(182,24,4,3,0,'2025-10-24 23:22:10',0),(183,24,4,3,0,'2025-10-24 23:22:11',0),(184,24,4,3,0,'2025-10-24 23:22:12',0),(185,24,4,3,0,'2025-10-24 23:22:13',0),(186,24,4,3,10,'2025-10-24 23:22:31',15),(187,24,4,3,0,'2025-10-24 23:22:33',0),(188,24,4,3,0,'2025-10-24 23:22:34',0),(189,24,4,3,3,'2025-10-24 23:22:39',5),(190,24,4,3,4,'2025-10-24 23:22:46',6),(191,24,4,3,0,'2025-10-24 23:22:48',0),(192,24,4,3,5,'2025-10-24 23:22:57',8),(193,24,4,3,3,'2025-10-24 23:23:03',5),(194,24,4,3,1,'2025-10-24 23:23:05',2),(195,24,4,3,22,'2025-10-24 23:23:39',33),(196,24,4,3,0,'2025-10-24 23:29:04',0),(197,24,4,3,0,'2025-10-24 23:29:04',0),(198,24,4,3,1,'2025-10-24 23:29:06',1),(199,24,4,3,0,'2025-10-24 23:31:27',0),(200,24,4,3,3,'2025-10-24 23:31:31',2),(201,24,4,3,0,'2025-10-24 23:31:40',0),(202,24,4,3,0,'2025-10-24 23:31:41',0),(203,24,4,3,0,'2025-10-24 23:31:43',0),(204,24,4,3,0,'2025-10-24 23:31:44',1),(205,24,4,3,0,'2025-10-24 23:31:45',0),(206,24,4,3,2,'2025-10-24 23:31:48',2),(207,24,4,3,0,'2025-10-24 23:31:50',0),(208,24,4,3,20,'2025-10-24 23:32:03',11),(209,24,4,3,2,'2025-10-24 23:32:06',2),(210,24,4,3,4,'2025-10-24 23:32:11',3),(211,24,4,3,1,'2025-10-24 23:32:14',0),(212,24,4,3,0,'2025-10-24 23:32:15',0),(213,24,4,3,1,'2025-10-24 23:32:17',0),(214,24,4,3,2,'2025-10-24 23:32:20',2),(215,24,4,3,6,'2025-10-24 23:32:24',4),(216,24,4,3,3,'2025-10-24 23:32:28',3),(217,24,4,3,0,'2025-10-24 23:32:29',0),(218,24,4,3,0,'2025-10-24 23:32:30',0),(219,24,4,3,4,'2025-10-24 23:32:34',3),(220,24,4,3,15,'2025-10-24 23:33:17',9),(221,24,4,3,3,'2025-10-24 23:33:21',2),(222,24,4,3,1,'2025-10-24 23:33:23',1),(223,24,4,3,0,'2025-10-24 23:33:24',0),(224,24,4,3,1,'2025-10-24 23:33:26',1),(225,24,4,3,0,'2025-10-24 23:33:27',0),(226,24,4,3,0,'2025-10-24 23:33:28',0),(227,24,4,3,0,'2025-10-24 23:33:28',0),(228,24,4,3,0,'2025-10-24 23:33:28',0),(229,24,4,3,5,'2025-10-24 23:33:35',3),(230,24,4,3,0,'2025-10-24 23:33:36',0),(231,24,4,3,12,'2025-10-24 23:33:45',7),(232,24,4,3,0,'2025-10-24 23:33:45',0),(233,24,4,3,4,'2025-10-24 23:33:49',3),(234,24,4,3,2,'2025-10-24 23:33:53',2),(235,24,4,3,1,'2025-10-24 23:33:55',1),(236,24,4,3,3,'2025-10-24 23:33:59',2),(237,24,4,3,0,'2025-10-24 23:34:00',0),(238,24,4,3,9,'2025-10-24 23:34:06',6),(239,24,4,3,0,'2025-10-24 23:34:07',0),(240,24,4,3,0,'2025-10-24 23:34:07',0),(241,24,4,3,0,'2025-10-24 23:34:11',0),(242,24,4,3,0,'2025-10-24 23:34:12',0),(243,24,4,3,0,'2025-10-24 23:34:12',0),(244,24,4,3,1,'2025-10-24 23:34:14',1),(245,24,4,3,8,'2025-10-24 23:34:20',5),(246,24,4,3,0,'2025-10-24 23:34:21',0),(247,24,4,3,1,'2025-10-24 23:34:23',1),(248,24,4,3,0,'2025-10-24 23:34:24',0),(249,24,4,3,2,'2025-10-24 23:34:27',2),(250,24,4,3,0,'2025-10-24 23:34:27',0),(251,24,4,3,3,'2025-10-24 23:34:31',2),(252,24,4,3,0,'2025-10-24 23:34:33',1),(253,24,4,3,0,'2025-10-24 23:34:33',0),(254,24,4,3,6,'2025-10-24 23:34:38',4),(255,24,4,3,0,'2025-10-24 23:34:38',0),(256,24,4,3,2,'2025-10-24 23:34:42',2),(257,24,4,3,0,'2025-10-24 23:34:42',0),(258,24,4,3,0,'2025-10-24 23:34:43',0),(259,24,4,3,3,'2025-10-24 23:34:45',1),(260,24,4,3,2,'2025-10-24 23:34:47',1),(261,24,4,3,3,'2025-10-24 23:34:51',2),(262,24,4,3,5,'2025-10-24 23:35:19',3),(263,24,4,3,2,'2025-10-24 23:35:21',2),(264,24,4,3,2,'2025-10-24 23:35:24',2),(265,24,4,3,5,'2025-10-24 23:35:29',3),(266,24,4,3,2,'2025-10-24 23:35:31',2),(267,24,4,3,8,'2025-10-24 23:35:37',5),(268,24,4,3,0,'2025-10-24 23:35:39',1),(269,24,4,3,6,'2025-10-24 23:35:43',4),(270,24,4,3,0,'2025-10-24 23:35:47',1),(271,24,4,3,0,'2025-10-24 23:35:48',0),(272,24,4,3,3,'2025-10-24 23:35:51',2),(273,24,4,3,9,'2025-10-24 23:35:58',6),(274,24,4,3,0,'2025-10-24 23:35:58',0),(275,24,4,3,1,'2025-10-24 23:36:00',1),(276,24,4,3,5,'2025-10-24 23:36:05',4),(277,24,4,3,0,'2025-10-24 23:36:08',1),(278,24,4,3,2,'2025-10-24 23:36:11',2),(279,24,4,3,2,'2025-10-24 23:36:14',2),(280,24,4,3,0,'2025-10-24 23:36:14',0),(281,24,4,3,19,'2025-10-24 23:36:26',11),(282,24,4,3,7,'2025-10-24 23:36:32',4),(283,24,4,3,0,'2025-10-24 23:36:33',0),(284,24,4,3,2,'2025-10-24 23:36:36',2),(285,24,4,3,0,'2025-10-24 23:36:37',0),(286,24,4,3,6,'2025-10-24 23:36:42',4),(287,24,4,3,4,'2025-10-24 23:36:46',3),(288,24,4,3,8,'2025-10-24 23:36:53',5),(289,24,4,3,0,'2025-10-24 23:36:54',0),(290,24,4,3,1,'2025-10-24 23:36:57',1),(291,24,4,3,3,'2025-10-24 23:37:01',2),(292,24,4,3,0,'2025-10-24 23:37:01',0),(293,24,4,3,1,'2025-10-24 23:37:04',1),(294,24,4,3,0,'2025-10-24 23:37:06',1),(295,24,4,3,0,'2025-10-24 23:37:06',0),(296,24,4,3,1,'2025-10-24 23:37:08',1),(297,24,4,3,6,'2025-10-24 23:37:13',4),(298,24,4,3,0,'2025-10-24 23:37:14',0),(299,24,4,3,7,'2025-10-24 23:37:19',5),(300,24,4,3,3,'2025-10-24 23:37:23',2),(301,24,4,3,0,'2025-10-24 23:37:23',0),(302,24,4,3,0,'2025-10-24 23:37:25',1),(303,24,4,3,0,'2025-10-24 23:37:25',0),(304,24,4,3,6,'2025-10-24 23:37:30',4),(305,24,4,3,0,'2025-10-24 23:37:32',1),(306,24,4,3,0,'2025-10-24 23:37:32',0),(307,24,4,3,0,'2025-10-24 23:37:34',1),(308,24,4,3,0,'2025-10-24 23:37:34',0),(309,24,4,3,1,'2025-10-24 23:37:36',1),(310,24,4,3,0,'2025-10-24 23:37:37',0),(311,24,4,3,1,'2025-10-24 23:37:39',1),(312,24,4,3,0,'2025-10-24 23:37:40',0),(313,24,4,3,1,'2025-10-24 23:37:41',0),(314,24,4,3,2,'2025-10-24 23:37:44',2),(315,24,4,3,0,'2025-10-24 23:37:45',0),(316,24,4,3,5,'2025-10-24 23:37:49',3),(317,24,4,3,3,'2025-10-24 23:37:52',2),(318,24,4,3,3,'2025-10-24 23:37:55',2),(319,24,4,3,3,'2025-10-24 23:37:58',2),(320,24,4,3,0,'2025-10-24 23:37:59',0),(321,24,4,3,0,'2025-10-24 23:38:00',0),(322,24,4,3,0,'2025-10-24 23:38:01',0),(323,24,4,3,0,'2025-10-24 23:38:02',0),(324,24,4,3,0,'2025-10-24 23:38:02',0),(325,24,4,3,3,'2025-10-24 23:38:05',2),(326,24,4,3,2,'2025-10-24 23:38:08',2),(327,24,4,3,0,'2025-10-24 23:38:09',0),(328,24,4,3,2,'2025-10-24 23:38:11',2),(329,24,4,3,0,'2025-10-24 23:38:12',0),(330,24,4,3,19,'2025-10-24 23:38:24',11),(331,24,4,3,0,'2025-10-24 23:38:24',0),(332,24,4,3,8,'2025-10-24 23:38:30',5),(333,24,4,3,4,'2025-10-24 23:38:34',3),(334,24,4,3,17,'2025-10-24 23:38:45',10),(335,24,4,3,3,'2025-10-24 23:40:07',2),(336,24,4,3,10,'2025-10-24 23:40:16',6),(337,24,4,3,0,'2025-10-24 23:40:16',0),(338,24,4,3,4,'2025-10-24 23:40:20',3),(339,24,4,3,3,'2025-10-24 23:40:25',3),(340,24,4,3,0,'2025-10-24 23:40:25',0),(341,24,4,3,7,'2025-10-24 23:40:31',5),(342,24,4,3,1,'2025-10-24 23:40:35',1),(343,24,4,3,0,'2025-10-24 23:40:35',0),(344,24,4,3,6,'2025-10-24 23:40:41',4),(345,24,4,3,0,'2025-10-24 23:40:43',1),(346,24,4,3,0,'2025-10-24 23:40:44',0),(347,24,4,3,8,'2025-10-24 23:40:50',5),(348,24,4,3,11,'2025-10-24 23:40:58',7),(349,24,4,3,3,'2025-10-24 23:41:03',2),(350,24,4,3,0,'2025-10-24 23:41:03',0),(351,24,4,3,4,'2025-10-24 23:41:07',3),(352,24,4,3,0,'2025-10-24 23:41:08',0),(353,24,4,3,1,'2025-10-24 23:41:11',1),(354,24,4,3,3,'2025-10-24 23:41:14',2),(355,24,4,3,0,'2025-10-24 23:41:16',0),(356,24,4,3,0,'2025-10-24 23:41:17',0),(357,24,4,3,0,'2025-10-24 23:41:17',0),(358,24,4,3,17,'2025-10-24 23:41:28',10),(359,24,4,3,8,'2025-10-24 23:41:35',5),(360,24,4,3,0,'2025-10-24 23:41:35',0),(361,24,4,3,0,'2025-10-24 23:41:36',0),(362,24,4,3,0,'2025-10-24 23:41:37',0),(363,24,4,3,5,'2025-10-24 23:41:41',3),(364,24,4,3,3,'2025-10-24 23:41:46',3),(365,24,4,3,0,'2025-10-24 23:41:48',0),(366,24,4,3,23,'2025-10-24 23:42:02',13),(367,24,4,3,0,'2025-10-24 23:42:07',0),(368,24,4,3,0,'2025-10-24 23:42:07',0),(369,24,4,3,0,'2025-10-24 23:42:07',0),(370,24,4,3,1,'2025-10-24 23:42:10',1),(371,24,4,3,4,'2025-10-24 23:42:15',3),(372,24,4,3,4,'2025-10-24 23:42:20',3),(373,24,4,3,7,'2025-10-24 23:42:26',4),(374,24,4,3,3,'2025-10-24 23:42:30',2),(375,24,4,3,2,'2025-10-24 23:42:33',2),(376,24,4,3,0,'2025-10-24 23:42:36',1),(377,24,4,3,0,'2025-10-24 23:42:37',0),(378,24,4,3,8,'2025-10-24 23:42:43',5),(379,24,4,3,0,'2025-10-24 23:42:44',0),(380,24,4,3,0,'2025-10-24 23:42:46',1),(381,24,4,3,0,'2025-10-24 23:42:47',0),(382,24,4,3,10,'2025-10-24 23:42:54',6),(383,24,4,3,2,'2025-10-24 23:42:58',2),(384,24,4,3,0,'2025-10-24 23:42:59',0),(385,24,4,3,1,'2025-10-24 23:43:02',1),(386,24,4,3,0,'2025-10-24 23:43:02',0),(387,24,4,3,2,'2025-10-24 23:43:05',2),(388,24,4,3,0,'2025-10-24 23:43:06',0),(389,24,4,3,22,'2025-10-24 23:43:20',12),(390,24,4,3,0,'2025-10-24 23:43:23',1),(391,24,4,3,5,'2025-10-24 23:43:28',3),(392,24,4,3,5,'2025-10-24 23:43:33',4),(393,24,4,3,0,'2025-10-24 23:43:34',0),(394,24,4,3,9,'2025-10-24 23:43:41',6),(395,24,4,3,0,'2025-10-24 23:43:44',1),(396,24,4,3,14,'2025-10-24 23:43:54',8),(397,24,4,3,0,'2025-10-24 23:43:55',0),(398,24,4,3,6,'2025-10-24 23:44:01',4),(399,24,4,3,1,'2025-10-24 23:44:04',1),(400,24,4,3,10,'2025-10-24 23:44:12',6),(401,24,4,3,0,'2025-10-24 23:44:12',0),(402,24,4,3,1,'2025-10-24 23:44:15',1),(403,24,4,3,0,'2025-10-24 23:44:15',0),(404,24,4,3,3,'2025-10-24 23:44:20',2),(405,24,4,3,3,'2025-10-24 23:44:24',2),(406,24,4,3,0,'2025-10-24 23:44:24',0),(407,24,4,3,0,'2025-10-24 23:44:26',1),(408,24,4,3,2,'2025-10-24 23:44:30',2),(409,24,4,3,7,'2025-10-24 23:44:36',4),(410,24,4,3,2,'2025-10-24 23:44:39',2),(411,24,4,3,0,'2025-10-24 23:44:39',0),(412,24,4,3,0,'2025-10-24 23:44:41',1),(413,24,4,3,0,'2025-10-24 23:44:42',1),(414,24,4,3,2,'2025-10-24 23:44:45',2),(415,24,4,3,0,'2025-10-24 23:44:47',1),(416,24,4,3,7,'2025-10-24 23:44:53',5),(417,24,4,3,0,'2025-10-24 23:44:54',0),(418,24,4,3,4,'2025-10-24 23:44:57',3),(419,24,4,3,14,'2025-10-24 23:45:06',8),(420,24,4,3,0,'2025-10-24 23:45:07',0),(421,24,4,3,11,'2025-10-24 23:45:14',7),(422,24,4,3,0,'2025-10-24 23:45:16',1),(423,24,4,3,0,'2025-10-24 23:45:16',0),(424,24,4,3,17,'2025-10-24 23:45:27',10),(425,24,4,3,25,'2025-10-24 23:45:42',14),(426,24,4,3,20,'2025-10-24 23:45:55',11),(427,24,4,3,4,'2025-10-24 23:45:59',3),(428,24,4,3,2,'2025-10-24 23:46:02',2),(429,24,4,3,2,'2025-10-24 23:46:04',2),(430,24,4,3,22,'2025-10-24 23:46:18',12),(431,24,4,3,0,'2025-10-24 23:46:19',0),(432,24,4,3,2,'2025-10-24 23:46:21',2),(433,24,4,3,1,'2025-10-24 23:46:23',1),(434,24,4,3,0,'2025-10-24 23:46:25',0),(435,24,4,3,1,'2025-10-24 23:46:27',1),(436,24,4,3,2,'2025-10-24 23:46:29',1),(437,24,4,3,8,'2025-10-24 23:46:35',5),(438,24,4,3,0,'2025-10-24 23:46:36',0),(439,24,4,3,2,'2025-10-24 23:46:38',2),(440,24,4,3,22,'2025-10-24 23:46:52',13),(441,24,4,3,0,'2025-10-24 23:46:52',0),(442,24,4,3,2,'2025-10-24 23:46:55',2),(443,24,4,3,0,'2025-10-24 23:46:56',1),(444,24,4,3,0,'2025-10-24 23:46:57',0),(445,24,4,3,0,'2025-10-24 23:46:57',0),(446,24,4,3,3,'2025-10-24 23:47:00',2),(447,24,4,3,26,'2025-10-24 23:47:16',15),(448,24,4,3,2,'2025-10-24 23:47:19',2),(449,24,4,3,3,'2025-10-24 23:47:23',2),(450,24,4,3,1,'2025-10-24 23:47:25',1),(451,24,4,3,1,'2025-10-24 23:47:28',1),(452,24,4,3,1,'2025-10-24 23:47:30',1),(453,24,4,3,0,'2025-10-24 23:47:32',1),(454,24,4,3,3,'2025-10-24 23:47:36',2),(455,24,4,3,0,'2025-10-24 23:47:37',0),(456,24,4,3,7,'2025-10-24 23:47:42',5),(457,24,4,3,0,'2025-10-24 23:47:42',0),(458,24,4,3,1,'2025-10-24 23:47:44',1),(459,24,4,3,0,'2025-10-24 23:47:45',0),(460,24,4,3,1,'2025-10-24 23:47:47',1),(461,24,4,3,2,'2025-10-24 23:47:50',2),(462,24,4,3,1,'2025-10-24 23:47:51',0),(463,24,4,3,0,'2025-10-24 23:47:53',1),(464,24,4,3,0,'2025-10-24 23:47:54',0),(465,24,4,3,0,'2025-10-24 23:47:55',0),(466,24,4,3,3,'2025-10-24 23:47:59',2),(467,24,4,3,0,'2025-10-24 23:47:59',0),(468,24,4,3,1,'2025-10-24 23:48:01',1),(469,24,4,3,1,'2025-10-24 23:48:03',0),(470,24,4,3,8,'2025-10-24 23:48:09',5),(471,24,4,3,0,'2025-10-24 23:48:09',0),(472,24,4,3,0,'2025-10-24 23:48:09',0),(473,24,4,3,15,'2025-10-24 23:48:19',9),(474,24,4,3,4,'2025-10-24 23:48:23',3),(475,24,4,3,0,'2025-10-24 23:48:23',0),(476,24,4,3,0,'2025-10-24 23:48:25',1),(477,24,4,3,7,'2025-10-24 23:48:30',4),(478,24,4,3,5,'2025-10-24 23:48:35',3),(479,24,4,3,0,'2025-10-24 23:48:35',0),(480,24,4,3,9,'2025-10-24 23:48:41',6),(481,24,4,3,4,'2025-10-24 23:48:45',3),(482,24,4,3,3,'2025-10-24 23:48:49',2),(483,24,4,3,3,'2025-10-24 23:48:52',2),(484,24,4,3,0,'2025-10-24 23:48:52',0),(485,24,4,3,0,'2025-10-24 23:49:03',0),(486,24,4,3,11,'2025-10-24 23:49:14',7),(487,24,4,3,0,'2025-10-24 23:49:15',0),(488,24,4,3,0,'2025-10-24 23:49:15',0),(489,24,4,3,7,'2025-10-24 23:49:21',4),(490,24,4,3,0,'2025-10-24 23:49:21',0),(491,24,4,3,0,'2025-10-24 23:49:22',0),(492,24,4,3,0,'2025-10-24 23:49:22',0),(493,24,4,3,11,'2025-10-24 23:49:29',7),(494,24,4,3,0,'2025-10-24 23:49:31',0),(495,24,4,3,0,'2025-10-24 23:49:31',0),(496,24,4,3,0,'2025-10-24 23:49:31',0),(497,24,4,3,4,'2025-10-24 23:49:35',3),(498,24,4,3,0,'2025-10-24 23:49:35',0),(499,24,4,3,0,'2025-10-24 23:49:36',0),(500,24,4,3,10,'2025-10-24 23:49:42',6),(501,24,4,3,4,'2025-10-24 23:49:46',3),(502,24,4,3,0,'2025-10-24 23:49:48',1),(503,24,4,3,0,'2025-10-24 23:49:49',0),(504,24,4,3,8,'2025-10-24 23:49:55',5),(505,24,4,3,0,'2025-10-24 23:49:57',1),(506,24,4,3,11,'2025-10-24 23:50:04',7),(507,24,4,3,0,'2025-10-24 23:50:05',0),(508,24,4,3,0,'2025-10-24 23:50:05',0),(509,24,4,3,0,'2025-10-24 23:50:07',1),(510,24,4,3,0,'2025-10-24 23:50:08',0),(511,24,4,3,0,'2025-10-24 23:50:08',0),(512,24,4,3,0,'2025-10-24 23:50:08',0),(513,24,4,3,0,'2025-10-24 23:50:09',0),(514,24,4,3,0,'2025-10-24 23:50:10',0),(515,24,4,3,0,'2025-10-24 23:50:10',0),(516,24,4,3,0,'2025-10-24 23:50:12',1),(517,24,4,3,0,'2025-10-24 23:50:12',0),(518,24,4,3,0,'2025-10-24 23:50:13',0),(519,24,4,3,1,'2025-10-24 23:50:15',1),(520,24,4,3,0,'2025-10-24 23:50:16',0),(521,24,4,3,0,'2025-10-24 23:50:20',0),(522,24,4,3,0,'2025-10-24 23:50:20',0),(523,24,4,3,6,'2025-10-24 23:50:25',4),(524,24,4,3,0,'2025-10-24 23:50:27',1),(525,24,4,3,3,'2025-10-24 23:50:31',2),(526,24,4,3,2,'2025-10-24 23:50:34',2),(527,24,4,3,0,'2025-10-24 23:50:34',0),(528,24,4,3,0,'2025-10-24 23:50:35',1),(529,24,4,3,0,'2025-10-24 23:50:36',0),(530,24,4,3,1,'2025-10-24 23:50:38',1),(531,24,4,3,1,'2025-10-24 23:50:41',1),(532,24,4,3,0,'2025-10-24 23:50:41',0),(533,24,4,3,2,'2025-10-24 23:50:44',2),(534,24,4,3,3,'2025-10-24 23:50:47',2),(535,24,4,3,3,'2025-10-24 23:50:49',1),(536,24,4,3,0,'2025-10-24 23:50:51',0),(537,24,4,3,0,'2025-10-24 23:50:51',0),(538,24,4,3,0,'2025-10-24 23:50:51',0),(539,24,4,3,0,'2025-10-24 23:50:52',0),(540,24,4,3,5,'2025-10-24 23:50:56',3),(541,24,4,3,9,'2025-10-24 23:51:03',6),(542,24,4,3,3,'2025-10-24 23:51:06',2),(543,24,4,3,0,'2025-10-24 23:51:07',1),(544,24,4,3,0,'2025-10-24 23:51:08',0),(545,24,4,3,0,'2025-10-24 23:51:09',0),(546,24,4,3,12,'2025-10-24 23:51:16',7),(547,24,4,3,0,'2025-10-24 23:51:17',0),(548,24,4,3,15,'2025-10-24 23:51:26',9),(549,24,4,3,2,'2025-10-24 23:51:29',2),(550,24,4,3,2,'2025-10-24 23:51:32',2),(551,24,4,3,0,'2025-10-24 23:51:33',0),(552,24,4,3,18,'2025-10-24 23:51:44',10),(553,24,4,3,3,'2025-10-24 23:51:47',2),(554,24,4,3,2,'2025-10-24 23:51:50',2),(555,24,4,3,0,'2025-10-24 23:51:52',1),(556,24,4,3,4,'2025-10-24 23:51:56',3),(557,24,4,3,1,'2025-10-24 23:51:59',1),(558,24,4,3,0,'2025-10-24 23:51:59',0),(559,24,4,3,1,'2025-10-24 23:52:01',1),(560,24,4,3,2,'2025-10-24 23:52:03',2),(561,24,4,3,1,'2025-10-24 23:52:06',1),(562,24,4,3,0,'2025-10-24 23:52:07',0),(563,24,4,3,2,'2025-10-24 23:52:10',2),(564,24,4,3,0,'2025-10-24 23:52:10',0),(565,24,4,3,5,'2025-10-24 23:52:14',3),(566,24,4,3,0,'2025-10-24 23:52:16',0),(567,24,4,3,8,'2025-10-24 23:52:21',5),(568,24,4,3,19,'2025-10-24 23:52:33',11),(569,24,4,3,4,'2025-10-24 23:52:37',3),(570,24,4,3,7,'2025-10-24 23:52:43',5),(571,24,4,3,13,'2025-10-24 23:52:52',8),(572,24,4,3,0,'2025-10-24 23:52:53',0),(573,24,4,3,5,'2025-10-24 23:52:57',3),(574,24,4,3,4,'2025-10-24 23:53:01',3),(575,24,4,3,1,'2025-10-24 23:53:03',1),(576,24,4,3,0,'2025-10-24 23:53:05',1),(577,24,4,3,0,'2025-10-24 23:53:06',0),(578,24,4,3,1,'2025-10-24 23:53:07',0),(579,24,4,3,3,'2025-10-24 23:53:10',2),(580,24,4,3,2,'2025-10-24 23:53:13',2),(581,24,4,3,0,'2025-10-24 23:53:14',0),(582,24,4,3,17,'2025-10-24 23:53:25',10),(583,24,4,3,0,'2025-10-24 23:53:27',1),(584,24,4,3,0,'2025-10-24 23:53:27',0),(585,24,4,3,0,'2025-10-24 23:53:28',0),(586,24,4,3,0,'2025-10-24 23:53:28',0),(587,24,4,3,8,'2025-10-24 23:53:34',5),(588,24,4,3,0,'2025-10-24 23:53:35',0),(589,24,4,3,1,'2025-10-24 23:53:37',1),(590,24,4,3,3,'2025-10-24 23:53:41',2),(591,24,4,3,0,'2025-10-24 23:53:42',0),(592,24,4,3,1,'2025-10-24 23:53:43',1),(593,24,4,3,0,'2025-10-24 23:53:44',0),(594,24,4,3,4,'2025-10-24 23:53:47',3),(595,24,4,3,0,'2025-10-24 23:53:49',1),(596,24,4,3,4,'2025-10-24 23:53:54',3),(597,24,4,3,0,'2025-10-24 23:53:56',1),(598,24,4,3,0,'2025-10-24 23:53:57',0),(599,24,4,3,2,'2025-10-24 23:54:00',2),(600,24,4,3,4,'2025-10-24 23:54:04',3),(601,24,4,3,0,'2025-10-24 23:54:04',0),(602,24,4,3,0,'2025-10-24 23:54:06',1),(603,24,4,3,2,'2025-10-24 23:54:09',2),(604,24,4,3,1,'2025-10-24 23:54:11',1),(605,24,4,3,13,'2025-10-24 23:54:20',8),(606,24,4,3,0,'2025-10-24 23:54:21',0),(607,24,4,3,4,'2025-10-24 23:54:24',3),(608,24,4,3,0,'2025-10-24 23:54:25',0),(609,24,4,3,6,'2025-10-24 23:54:30',4),(610,24,4,3,4,'2025-10-24 23:54:34',3),(611,24,4,3,2,'2025-10-24 23:54:37',2),(612,24,4,3,5,'2025-10-24 23:54:42',3),(613,24,4,3,1,'2025-10-24 23:54:45',1),(614,24,4,3,0,'2025-10-24 23:54:45',0),(615,24,4,3,14,'2025-10-24 23:54:54',8),(616,24,4,3,0,'2025-10-24 23:54:56',1),(617,24,4,3,4,'2025-10-24 23:55:00',3),(618,24,4,3,0,'2025-10-24 23:55:01',0),(619,24,4,3,7,'2025-10-24 23:55:06',4),(620,24,4,3,0,'2025-10-24 23:55:06',0),(621,24,4,3,1,'2025-10-24 23:55:08',1),(622,24,4,3,0,'2025-10-24 23:55:09',0),(623,24,4,3,15,'2025-10-24 23:55:18',9),(624,24,4,3,0,'2025-10-24 23:55:19',0),(625,24,4,3,10,'2025-10-24 23:55:26',6),(626,24,4,3,0,'2025-10-24 23:55:28',0),(627,24,4,3,2,'2025-10-24 23:55:30',2),(628,24,4,3,11,'2025-10-24 23:55:38',7),(629,24,4,3,0,'2025-10-24 23:55:40',1),(630,24,4,3,0,'2025-10-24 23:55:41',0),(631,24,4,3,0,'2025-10-24 23:55:42',1),(632,24,4,3,0,'2025-10-24 23:55:43',0),(633,24,4,3,0,'2025-10-24 23:55:44',0),(634,24,4,3,3,'2025-10-24 23:55:47',2),(635,24,4,3,9,'2025-10-24 23:55:54',6),(636,24,4,3,0,'2025-10-24 23:55:55',0),(637,24,4,3,0,'2025-10-24 23:55:56',0),(638,24,4,3,0,'2025-10-24 23:55:56',0),(639,24,4,3,16,'2025-10-24 23:56:06',9),(640,24,4,3,0,'2025-10-24 23:56:07',0),(641,24,4,3,1,'2025-10-24 23:56:09',1),(642,24,4,3,0,'2025-10-24 23:56:09',0),(643,24,4,3,0,'2025-10-24 23:56:10',0),(644,24,4,3,0,'2025-10-24 23:56:11',1),(645,24,4,3,0,'2025-10-24 23:56:12',0),(646,24,4,3,0,'2025-10-24 23:56:12',0),(647,24,4,3,0,'2025-10-24 23:56:14',1),(648,24,4,3,0,'2025-10-24 23:56:14',0),(649,24,4,3,4,'2025-10-24 23:56:18',3),(650,24,4,3,1,'2025-10-24 23:56:21',1),(651,24,4,3,1,'2025-10-24 23:56:23',1),(652,24,4,3,2,'2025-10-24 23:56:27',2),(653,24,4,3,0,'2025-10-24 23:56:27',0),(654,24,4,3,2,'2025-10-24 23:56:30',2),(655,24,4,3,4,'2025-10-24 23:56:34',3),(656,24,4,3,0,'2025-10-24 23:56:34',0),(657,24,4,3,3,'2025-10-24 23:56:38',2),(658,24,4,3,12,'2025-10-24 23:56:46',7),(659,24,4,3,0,'2025-10-24 23:56:48',0),(660,24,4,3,0,'2025-10-24 23:56:49',0),(661,24,4,3,7,'2025-10-24 23:56:54',5),(662,24,4,3,0,'2025-10-24 23:56:56',0),(663,24,4,3,0,'2025-10-24 23:56:57',0),(664,24,4,3,0,'2025-10-24 23:56:58',0),(665,24,4,3,0,'2025-10-24 23:56:59',0),(666,24,4,3,3,'2025-10-24 23:57:01',1),(667,24,4,3,0,'2025-10-24 23:57:01',0),(668,24,4,3,23,'2025-10-24 23:57:15',13),(669,24,4,3,0,'2025-10-24 23:57:16',0),(670,24,4,3,2,'2025-10-24 23:57:18',2),(671,24,4,3,6,'2025-10-24 23:57:24',4),(672,24,4,3,1,'2025-10-24 23:57:26',1),(673,24,4,3,0,'2025-10-24 23:57:27',0),(674,24,4,3,1,'2025-10-24 23:57:29',1),(675,24,4,3,0,'2025-10-24 23:57:29',0),(676,24,4,3,0,'2025-10-24 23:57:29',0),(677,24,4,3,24,'2025-10-24 23:57:43',14),(678,24,4,3,11,'2025-10-24 23:57:52',7),(679,24,4,3,0,'2025-10-24 23:57:52',0),(680,24,4,3,4,'2025-10-24 23:57:56',3),(681,24,4,3,0,'2025-10-24 23:57:58',1),(682,24,4,3,22,'2025-10-24 23:58:12',13),(683,24,4,3,7,'2025-10-24 23:58:18',4),(684,24,4,3,0,'2025-10-24 23:58:18',0),(685,24,4,3,4,'2025-10-24 23:58:23',3),(686,24,4,3,0,'2025-10-24 23:58:25',0),(687,24,4,3,0,'2025-10-24 23:58:26',0),(688,24,4,3,0,'2025-10-24 23:58:26',0),(689,24,4,3,5,'2025-10-24 23:58:32',4),(690,24,4,3,0,'2025-10-24 23:58:32',0),(691,24,4,3,4,'2025-10-24 23:58:36',3),(692,24,4,3,0,'2025-10-24 23:58:38',0),(693,24,4,3,0,'2025-10-24 23:58:38',0),(694,24,4,3,8,'2025-10-24 23:58:44',5),(695,24,4,3,0,'2025-10-24 23:58:44',0),(696,24,4,3,0,'2025-10-24 23:58:45',0),(697,24,4,3,3,'2025-10-24 23:58:48',2),(698,24,4,3,0,'2025-10-24 23:58:49',0),(699,24,4,3,2,'2025-10-24 23:58:51',2),(700,24,4,3,0,'2025-10-24 23:58:54',1),(701,24,4,3,0,'2025-10-24 23:58:57',0),(702,24,4,3,3,'2025-10-24 23:59:01',2),(703,24,4,3,0,'2025-10-24 23:59:01',0),(704,24,4,3,3,'2025-10-24 23:59:05',2),(705,24,4,3,0,'2025-10-24 23:59:08',0),(706,24,4,3,0,'2025-10-24 23:59:09',0),(707,24,4,3,0,'2025-10-24 23:59:10',0),(708,24,4,3,0,'2025-10-24 23:59:11',0),(709,24,4,3,1,'2025-10-24 23:59:13',1),(710,24,4,3,0,'2025-10-24 23:59:13',0),(711,24,4,3,0,'2025-10-24 23:59:15',1),(712,24,4,3,0,'2025-10-24 23:59:15',0),(713,24,4,3,2,'2025-10-24 23:59:25',2),(714,24,4,3,0,'2025-10-24 23:59:25',0),(715,24,4,3,21,'2025-10-24 23:59:38',12),(716,24,4,3,0,'2025-10-24 23:59:39',0),(717,24,4,3,0,'2025-10-24 23:59:39',0),(718,24,4,3,1,'2025-10-24 23:59:41',1),(719,24,4,3,11,'2025-10-24 23:59:49',7),(720,24,4,3,0,'2025-10-24 23:59:50',0),(721,24,4,3,11,'2025-10-24 23:59:57',7),(722,24,4,3,0,'2025-10-24 23:59:58',0),(723,24,4,3,0,'2025-10-24 23:59:58',0),(724,24,4,3,0,'2025-10-24 23:59:59',0),(725,24,4,3,0,'2025-10-25 00:00:00',0),(726,24,4,3,2,'2025-10-25 00:00:03',2),(727,24,4,3,0,'2025-10-25 00:00:03',0),(728,24,4,3,3,'2025-10-25 00:00:06',2),(729,24,4,3,7,'2025-10-25 00:00:12',4),(730,24,4,3,0,'2025-10-25 00:00:12',0),(731,24,4,3,2,'2025-10-25 00:00:15',2),(732,24,4,3,5,'2025-10-25 00:00:20',4),(733,24,4,3,1,'2025-10-25 00:00:22',1),(734,24,4,3,0,'2025-10-25 00:00:23',0),(735,24,4,3,0,'2025-10-25 00:00:24',0),(736,24,4,3,0,'2025-10-25 00:00:24',0),(737,24,4,3,3,'2025-10-25 00:00:27',2),(738,24,4,3,3,'2025-10-25 00:00:31',3),(739,24,4,3,1,'2025-10-25 00:00:33',1),(740,24,4,3,0,'2025-10-25 00:00:34',0),(741,24,4,3,4,'2025-10-25 00:00:38',3),(742,24,4,3,0,'2025-10-25 00:00:38',0),(743,24,4,3,9,'2025-10-25 00:00:45',6),(744,24,4,3,0,'2025-10-25 00:00:47',1),(745,24,4,3,0,'2025-10-25 00:00:47',0),(746,24,4,3,1,'2025-10-25 00:00:50',1),(747,24,4,3,0,'2025-10-25 00:00:50',0),(748,24,4,3,11,'2025-10-25 00:00:58',7),(749,24,4,3,2,'2025-10-25 00:01:03',2),(750,24,4,3,0,'2025-10-25 00:01:04',0),(751,24,4,3,2,'2025-10-25 00:01:06',2),(752,24,4,3,0,'2025-10-25 00:01:08',0),(753,24,4,3,0,'2025-10-25 00:01:08',0),(754,24,4,3,9,'2025-10-25 00:01:14',6),(755,24,4,3,2,'2025-10-25 00:01:17',2),(756,24,4,3,2,'2025-10-25 00:01:20',2),(757,24,4,3,0,'2025-10-25 00:01:21',0),(758,24,4,3,5,'2025-10-25 00:01:26',4),(759,24,4,3,0,'2025-10-25 00:01:27',0),(760,24,4,3,0,'2025-10-25 00:01:27',0),(761,24,4,3,4,'2025-10-25 00:01:31',3),(762,24,4,3,4,'2025-10-25 00:01:35',3),(763,24,4,3,0,'2025-10-25 00:01:38',1),(764,24,4,3,0,'2025-10-25 00:01:40',1),(765,24,4,3,9,'2025-10-28 15:33:12',6),(766,24,4,3,20,'2025-10-28 15:33:26',11),(767,24,4,3,0,'2025-10-28 15:33:27',0),(768,24,4,3,2,'2025-10-28 15:33:30',2),(769,24,4,3,0,'2025-10-28 15:33:31',0),(770,24,4,3,0,'2025-10-28 15:34:13',1),(771,24,4,3,0,'2025-10-28 15:34:13',0),(772,24,4,3,7,'2025-10-28 15:35:32',4),(773,24,4,3,0,'2025-10-28 15:35:33',0),(774,24,4,3,4,'2025-10-28 15:35:37',3),(775,24,4,3,0,'2025-10-28 15:35:41',0),(776,24,4,3,0,'2025-10-28 15:35:42',0),(777,24,4,3,0,'2025-10-28 15:35:43',0),(778,24,4,3,1,'2025-10-28 15:35:45',1),(779,24,4,3,0,'2025-10-28 15:35:46',0),(780,24,4,3,0,'2025-10-28 15:35:46',0),(781,24,4,3,0,'2025-10-28 15:35:47',0),(782,24,4,3,13,'2025-10-28 15:35:55',8),(783,24,4,3,8,'2025-10-28 15:36:02',5),(784,24,4,3,0,'2025-10-28 15:36:03',0),(785,24,4,3,1,'2025-10-28 15:36:05',1),(786,24,4,3,0,'2025-10-28 15:36:05',0),(787,24,4,3,27,'2025-10-28 15:36:22',15),(788,24,4,3,0,'2025-10-28 15:36:23',0),(789,24,4,3,4,'2025-10-28 15:36:28',3),(790,24,4,3,31,'2025-10-28 15:36:46',17),(791,24,4,4,1,'2025-10-28 15:36:58',1),(792,24,4,4,0,'2025-10-28 15:36:59',0),(793,24,4,4,9,'2025-10-28 15:37:04',5),(794,24,4,4,4,'2025-10-28 15:37:08',3),(795,24,4,4,0,'2025-10-28 15:37:08',0),(796,24,4,4,4,'2025-10-28 15:37:11',2),(797,24,4,4,17,'2025-10-28 15:37:21',9),(798,24,4,4,1,'2025-10-28 15:37:23',1),(799,24,4,4,7,'2025-10-28 15:37:29',4),(800,24,4,4,0,'2025-10-28 15:37:29',0),(801,24,4,4,0,'2025-10-28 15:37:31',1),(802,24,4,4,0,'2025-10-28 15:37:33',1),(803,24,4,4,0,'2025-10-28 15:37:34',0),(804,24,4,4,3,'2025-10-28 15:37:37',2),(805,24,4,4,8,'2025-10-28 15:37:44',4),(806,24,4,4,0,'2025-10-28 15:37:44',0),(807,24,4,4,3,'2025-10-28 15:37:47',2),(808,24,4,4,0,'2025-10-28 15:37:49',1),(809,28,4,1,4,'2025-10-28 15:39:53',4),(810,28,4,1,11,'2025-10-28 15:40:04',9),(811,28,4,2,0,'2025-10-28 15:40:09',0),(812,28,4,2,3,'2025-10-28 15:40:11',1),(813,28,4,2,0,'2025-10-28 15:40:12',0),(814,28,4,2,0,'2025-10-28 15:40:13',0),(815,28,4,2,11,'2025-10-28 15:40:22',8),(816,28,4,2,0,'2025-10-28 15:40:22',0),(817,28,4,2,5,'2025-10-28 15:40:27',4),(818,28,4,2,0,'2025-10-28 15:40:28',0),(819,28,4,2,16,'2025-10-28 15:40:40',11),(820,28,4,2,1,'2025-10-28 15:40:44',2),(821,28,4,2,0,'2025-10-28 15:40:44',0),(822,28,4,2,0,'2025-10-28 15:40:46',1),(823,28,4,2,11,'2025-10-28 15:40:55',8),(824,28,4,2,13,'2025-10-28 15:41:06',9),(825,28,4,2,0,'2025-10-28 15:41:06',0),(826,28,4,2,3,'2025-10-28 15:41:10',3),(827,28,4,2,3,'2025-10-28 15:41:14',3),(828,28,4,2,4,'2025-10-28 15:41:19',3),(829,28,4,2,1,'2025-10-28 15:41:22',2),(830,28,4,2,3,'2025-10-28 15:41:26',3),(831,28,4,2,9,'2025-10-28 15:41:34',7),(832,28,4,2,2,'2025-10-28 15:41:38',2),(833,28,4,2,0,'2025-10-28 15:41:39',0),(834,28,4,2,14,'2025-10-28 15:41:50',10),(835,28,4,2,13,'2025-10-28 15:42:01',9),(836,28,4,2,0,'2025-10-28 15:42:03',0),(837,28,4,2,0,'2025-10-28 15:42:04',0),(838,28,4,2,0,'2025-10-28 15:42:06',0),(839,28,4,2,13,'2025-10-28 15:42:17',9),(840,28,4,2,0,'2025-10-28 15:42:17',0),(841,28,4,2,7,'2025-10-28 15:42:23',5),(842,28,4,2,0,'2025-10-28 15:42:24',0),(843,28,4,2,8,'2025-10-28 15:42:31',6),(844,28,4,2,0,'2025-10-28 15:42:32',0),(845,28,4,2,0,'2025-10-28 15:42:33',0),(846,28,4,2,5,'2025-10-28 15:42:39',4),(847,28,4,2,0,'2025-10-28 15:42:39',0),(848,28,4,2,14,'2025-10-28 15:42:50',10),(849,28,4,2,0,'2025-10-28 15:42:50',0),(850,28,4,2,8,'2025-10-28 15:42:59',6),(851,28,4,2,0,'2025-10-28 15:43:00',0),(852,28,4,2,7,'2025-10-28 15:43:06',5),(853,28,4,2,0,'2025-10-28 15:43:07',0),(854,28,4,2,0,'2025-10-28 15:43:08',0),(855,28,4,2,0,'2025-10-28 15:43:10',0),(856,28,4,2,4,'2025-10-28 15:43:14',3),(857,28,4,2,0,'2025-10-28 15:43:17',1),(858,28,4,2,0,'2025-10-28 15:43:18',0),(859,28,4,2,0,'2025-10-28 15:43:18',0),(860,28,4,2,15,'2025-10-28 15:43:29',10),(861,20,4,1,0,'2025-10-28 15:43:38',0),(862,28,4,2,12,'2025-10-28 15:43:39',8),(863,28,4,2,0,'2025-10-28 15:43:40',0),(864,28,4,2,0,'2025-10-28 15:43:41',0),(865,20,4,1,2,'2025-10-28 15:43:42',3),(866,20,4,1,0,'2025-10-28 15:43:44',0),(867,28,4,2,13,'2025-10-28 15:43:56',9),(868,28,4,2,0,'2025-10-28 15:43:58',0),(869,28,4,2,6,'2025-10-28 15:44:03',5),(870,28,4,2,0,'2025-10-28 15:44:04',0),(871,28,4,2,8,'2025-10-28 15:44:10',6),(872,28,4,2,3,'2025-10-28 15:44:15',3),(873,28,4,2,3,'2025-10-28 15:44:20',3),(874,20,4,1,0,'2025-10-28 15:44:22',0),(875,20,4,1,0,'2025-10-28 15:44:22',0),(876,20,4,1,0,'2025-10-28 15:44:25',1),(877,20,4,1,4,'2025-10-28 15:44:30',4),(878,20,4,1,0,'2025-10-28 15:44:30',0),(879,20,4,1,0,'2025-10-28 15:44:31',0),(880,20,4,1,3,'2025-10-28 15:44:36',4),(881,20,4,1,0,'2025-10-28 15:44:36',0),(882,20,4,1,4,'2025-10-28 15:44:42',4),(883,20,4,1,0,'2025-10-28 15:44:43',0),(884,20,4,1,0,'2025-10-28 15:44:44',0),(885,20,4,1,0,'2025-10-28 15:44:45',0),(886,20,4,1,0,'2025-10-28 15:44:45',0),(887,28,4,2,0,'2025-10-28 15:44:56',0),(888,28,4,2,0,'2025-10-28 15:44:58',0),(889,28,4,2,2,'2025-10-28 15:44:59',1),(890,28,4,2,0,'2025-10-28 15:45:00',0),(891,28,4,2,2,'2025-10-28 15:45:03',2),(892,20,4,1,0,'2025-10-28 15:45:08',0),(893,20,4,1,0,'2025-10-28 15:45:09',0),(894,28,4,2,16,'2025-10-28 15:45:16',11),(895,28,4,2,0,'2025-10-28 15:45:16',0),(896,20,4,1,8,'2025-10-28 15:45:17',7),(897,20,4,1,0,'2025-10-28 15:45:18',0),(898,20,4,1,10,'2025-10-28 15:45:28',9),(899,28,4,2,16,'2025-10-28 15:45:28',11),(900,28,4,2,0,'2025-10-28 15:45:29',0),(901,20,4,2,1,'2025-10-28 15:45:36',2),(902,20,4,2,0,'2025-10-28 15:45:38',1),(903,20,4,2,0,'2025-10-28 15:45:38',0),(904,20,4,2,0,'2025-10-28 15:45:39',0),(905,28,4,2,1,'2025-10-28 15:45:40',2),(906,28,4,2,7,'2025-10-28 15:45:48',5),(907,28,4,2,0,'2025-10-28 15:45:48',0),(908,20,4,2,13,'2025-10-28 15:45:49',9),(909,20,4,2,0,'2025-10-28 15:45:51',0),(910,28,4,2,4,'2025-10-28 15:45:53',4),(911,20,4,2,1,'2025-10-28 15:45:55',0),(912,20,4,2,0,'2025-10-28 15:45:56',0),(913,20,4,2,1,'2025-10-28 15:45:58',2),(914,20,4,2,0,'2025-10-28 15:45:59',0),(915,28,4,2,8,'2025-10-28 15:46:00',6),(916,20,4,2,8,'2025-10-28 15:46:05',6),(917,28,4,2,17,'2025-10-28 15:46:13',11),(918,28,4,2,0,'2025-10-28 15:46:13',0),(919,20,4,2,11,'2025-10-28 15:46:14',8),(920,20,4,2,0,'2025-10-28 15:46:15',0),(921,28,4,2,1,'2025-10-28 15:46:16',2),(922,28,4,2,0,'2025-10-28 15:46:17',0),(923,20,4,2,9,'2025-10-28 15:46:22',6),(924,28,4,2,11,'2025-10-28 15:46:26',8),(925,28,4,2,0,'2025-10-28 15:46:27',0),(926,28,4,2,0,'2025-10-28 15:46:28',0),(927,28,4,2,0,'2025-10-28 15:46:29',0),(928,20,4,2,8,'2025-10-28 15:46:29',6),(929,20,4,2,0,'2025-10-28 15:46:32',0),(930,20,4,2,0,'2025-10-28 15:46:32',0),(931,28,4,2,6,'2025-10-28 15:46:34',5),(932,20,4,2,5,'2025-10-28 15:46:37',4),(933,20,4,2,0,'2025-10-28 15:46:39',1),(934,20,4,2,0,'2025-10-28 15:46:40',0),(935,20,4,2,3,'2025-10-28 15:46:43',3),(936,20,4,2,6,'2025-10-28 15:46:49',5),(937,20,4,2,0,'2025-10-28 15:46:50',0),(938,28,4,2,5,'2025-10-28 15:46:59',4),(939,28,4,2,0,'2025-10-28 15:47:01',0),(940,28,4,2,0,'2025-10-28 15:47:01',0),(941,28,4,2,0,'2025-10-28 15:47:02',0),(942,20,4,2,19,'2025-10-28 15:47:03',13),(943,20,4,2,0,'2025-10-28 15:47:04',0),(944,20,4,2,0,'2025-10-28 15:47:09',0),(945,20,4,2,0,'2025-10-28 15:47:09',0),(946,20,4,2,0,'2025-10-28 15:47:10',0),(947,20,4,2,0,'2025-10-28 15:47:11',1),(948,20,4,2,1,'2025-10-28 15:47:14',2),(949,28,4,2,15,'2025-10-28 15:47:16',10),(950,28,4,2,0,'2025-10-28 15:47:18',1),(951,28,4,2,0,'2025-10-28 15:47:19',0),(952,28,4,2,1,'2025-10-28 15:47:22',2),(953,20,4,2,9,'2025-10-28 15:47:22',6),(954,20,4,2,0,'2025-10-28 15:47:25',1),(955,20,4,2,0,'2025-10-28 15:47:25',0),(956,28,4,2,4,'2025-10-28 15:47:26',3),(957,28,4,2,0,'2025-10-28 15:47:27',0),(958,20,4,2,3,'2025-10-28 15:47:29',3),(959,20,4,2,6,'2025-10-28 15:47:35',5),(960,28,4,2,21,'2025-10-28 15:47:42',14),(961,20,4,2,13,'2025-10-28 15:47:45',9),(962,28,4,3,0,'2025-10-28 15:47:46',1),(963,20,4,2,5,'2025-10-28 15:47:50',4),(964,28,4,3,9,'2025-10-28 15:47:53',6),(965,20,4,2,1,'2025-10-28 15:47:54',2),(966,20,4,2,1,'2025-10-28 15:47:57',2),(967,20,4,2,4,'2025-10-28 15:48:02',3),(968,28,4,3,18,'2025-10-28 15:48:05',10),(969,28,4,3,0,'2025-10-28 15:48:05',0),(970,28,4,3,0,'2025-10-28 15:48:06',0),(971,28,4,3,0,'2025-10-28 15:48:07',0),(972,28,4,3,0,'2025-10-28 15:48:08',0),(973,28,4,3,2,'2025-10-28 15:48:11',2),(974,28,4,3,0,'2025-10-28 15:48:12',0),(975,20,4,2,16,'2025-10-28 15:48:14',11),(976,20,4,2,3,'2025-10-28 15:48:19',3),(977,28,4,3,9,'2025-10-28 15:48:20',6),(978,28,4,3,0,'2025-10-28 15:48:20',0),(979,20,4,2,1,'2025-10-28 15:48:22',2),(980,20,4,2,4,'2025-10-28 15:48:26',4),(981,28,4,3,11,'2025-10-28 15:48:28',7),(982,20,4,2,7,'2025-10-28 15:48:33',5),(983,28,4,3,17,'2025-10-28 15:48:39',10),(984,20,4,2,7,'2025-10-28 15:48:40',5),(985,28,4,3,0,'2025-10-28 15:48:41',1),(986,28,4,3,0,'2025-10-28 15:48:42',0),(987,20,4,2,2,'2025-10-28 15:48:43',2),(988,20,4,2,1,'2025-10-28 15:48:46',2),(989,28,4,3,9,'2025-10-28 15:48:48',6),(990,28,4,3,0,'2025-10-28 15:48:48',0),(991,20,4,2,4,'2025-10-28 15:48:51',4),(992,28,4,3,2,'2025-10-28 15:48:51',2),(993,20,4,2,0,'2025-10-28 15:48:52',0),(994,28,4,3,0,'2025-10-28 15:48:52',0),(995,20,4,2,0,'2025-10-28 15:48:53',0),(996,20,4,2,0,'2025-10-28 15:48:53',0),(997,28,4,3,1,'2025-10-28 15:48:54',1),(998,20,4,2,1,'2025-10-28 15:48:55',1),(999,20,4,2,0,'2025-10-28 15:48:56',0),(1000,28,4,3,3,'2025-10-28 15:48:58',2),(1001,20,4,2,4,'2025-10-28 15:49:00',3),(1002,28,4,3,29,'2025-10-28 15:49:15',16),(1003,28,4,3,0,'2025-10-28 15:49:17',0),(1004,28,4,3,0,'2025-10-28 15:49:18',0),(1005,28,4,3,0,'2025-10-28 15:49:19',0),(1006,28,4,3,3,'2025-10-28 15:49:22',2),(1007,28,4,3,1,'2025-10-28 15:49:25',1),(1008,28,4,3,0,'2025-10-28 15:49:26',0),(1009,28,4,3,4,'2025-10-28 15:49:29',3),(1010,28,4,3,0,'2025-10-28 15:49:29',0),(1011,28,4,3,4,'2025-10-28 15:49:34',3),(1012,28,4,3,0,'2025-10-28 15:49:34',0),(1013,28,4,3,3,'2025-10-28 15:49:37',2),(1014,28,4,3,0,'2025-10-28 15:49:38',0),(1015,20,4,2,0,'2025-10-28 15:49:40',0),(1016,28,4,3,3,'2025-10-28 15:49:42',2),(1017,20,4,2,0,'2025-10-28 15:49:42',0),(1018,20,4,2,0,'2025-10-28 15:49:43',1),(1019,20,4,2,3,'2025-10-28 15:49:51',3),(1020,20,4,2,0,'2025-10-28 15:49:54',1),(1021,28,4,3,19,'2025-10-28 15:49:54',11),(1022,28,4,3,0,'2025-10-28 15:49:55',0),(1023,20,4,2,0,'2025-10-28 15:49:55',1),(1024,28,4,3,4,'2025-10-28 15:49:59',3),(1025,20,4,2,5,'2025-10-28 15:50:01',4),(1026,20,4,2,0,'2025-10-28 15:50:02',0),(1027,20,4,2,0,'2025-10-28 15:50:02',0),(1028,28,4,3,11,'2025-10-28 15:50:07',7),(1029,28,4,3,13,'2025-10-28 15:50:16',8),(1030,28,4,3,0,'2025-10-28 15:50:17',0),(1031,28,4,3,0,'2025-10-28 15:50:18',0),(1032,28,4,3,28,'2025-10-28 15:50:34',16),(1033,28,4,3,0,'2025-10-28 15:50:35',0),(1034,28,4,3,2,'2025-10-28 15:50:38',2),(1035,28,4,3,0,'2025-10-28 15:50:38',0),(1036,28,4,3,2,'2025-10-28 15:50:41',2),(1037,28,4,3,16,'2025-10-28 15:50:52',9),(1038,28,4,3,13,'2025-10-28 15:51:01',8),(1039,28,4,3,0,'2025-10-28 15:51:02',0),(1040,28,4,3,5,'2025-10-28 15:51:06',3),(1041,28,4,3,1,'2025-10-28 15:51:09',1),(1042,28,4,3,31,'2025-10-28 15:51:28',17),(1043,28,4,4,4,'2025-10-28 15:51:32',3),(1044,28,4,4,0,'2025-10-28 15:51:34',1),(1045,20,4,2,1,'2025-10-28 15:52:05',2),(1046,20,4,2,2,'2025-10-28 15:52:08',2),(1047,20,4,2,0,'2025-10-28 15:52:09',0),(1048,20,4,2,1,'2025-10-28 15:52:11',2),(1049,20,4,2,0,'2025-10-28 15:52:11',0),(1050,28,4,4,0,'2025-10-28 15:55:25',1),(1051,28,4,4,1,'2025-10-28 15:55:27',1),(1052,28,4,4,5,'2025-10-28 15:55:31',3),(1053,28,4,4,0,'2025-10-28 15:55:32',0),(1054,28,4,4,0,'2025-10-28 15:55:34',1),(1055,28,4,4,2,'2025-10-28 15:55:36',2),(1056,28,4,4,0,'2025-10-28 15:55:38',1),(1057,20,4,2,0,'2025-10-28 15:55:38',0),(1058,28,4,4,0,'2025-10-28 15:55:39',0),(1059,20,4,2,0,'2025-10-28 15:55:40',1),(1060,28,4,4,4,'2025-10-28 15:55:42',2),(1061,20,4,2,1,'2025-10-28 15:55:43',2),(1062,20,4,2,0,'2025-10-28 15:55:44',0),(1063,20,4,2,0,'2025-10-28 15:55:45',0),(1064,20,4,2,0,'2025-10-28 15:55:46',0),(1065,20,4,2,0,'2025-10-28 15:55:46',0),(1066,20,4,2,0,'2025-10-28 15:55:47',0),(1067,20,4,2,1,'2025-10-28 15:55:49',2),(1068,20,4,2,0,'2025-10-28 15:55:50',0),(1069,20,4,2,0,'2025-10-28 15:55:52',1),(1070,28,4,4,18,'2025-10-28 15:55:52',9),(1071,28,4,4,0,'2025-10-28 15:55:53',0),(1072,20,4,2,12,'2025-10-28 15:56:02',8),(1073,20,4,2,5,'2025-10-28 15:56:07',4),(1074,20,4,2,0,'2025-10-28 15:56:08',0),(1075,20,4,2,0,'2025-10-28 15:56:08',0),(1076,20,4,2,0,'2025-10-28 15:56:09',0),(1077,20,4,2,0,'2025-10-28 15:56:11',0),(1078,20,4,2,0,'2025-10-28 15:56:12',0),(1079,20,4,2,21,'2025-10-28 15:56:27',14),(1080,20,4,2,0,'2025-10-28 15:56:27',0),(1081,24,4,4,7,'2025-10-28 15:57:10',4),(1082,20,4,2,0,'2025-10-28 15:58:58',0),(1083,20,4,2,0,'2025-10-28 15:58:58',0),(1084,20,4,2,0,'2025-10-28 15:58:59',0),(1085,20,4,2,0,'2025-10-28 15:59:01',1),(1086,20,4,2,10,'2025-10-28 15:59:10',7),(1087,20,4,2,1,'2025-10-28 15:59:12',2),(1088,20,4,2,3,'2025-10-28 15:59:17',3),(1089,20,4,2,2,'2025-10-28 15:59:21',2),(1090,20,4,2,0,'2025-10-28 15:59:23',0),(1091,20,4,2,0,'2025-10-28 15:59:25',0),(1092,20,4,2,0,'2025-10-28 15:59:25',0),(1093,20,4,2,0,'2025-10-28 15:59:26',0),(1094,20,4,2,12,'2025-10-28 15:59:35',8),(1095,20,4,2,17,'2025-10-28 15:59:48',11),(1096,20,4,2,2,'2025-10-28 15:59:51',2),(1097,20,4,2,0,'2025-10-28 15:59:52',0),(1098,20,4,2,0,'2025-10-28 15:59:53',0),(1099,20,4,2,16,'2025-10-28 16:00:06',11),(1100,20,4,2,0,'2025-10-28 16:00:06',0),(1101,20,4,2,0,'2025-10-28 16:00:07',0),(1102,20,4,2,0,'2025-10-28 16:00:08',0),(1103,20,4,2,1,'2025-10-28 16:00:10',1),(1104,20,4,2,5,'2025-10-28 16:00:15',4),(1105,20,4,2,1,'2025-10-28 16:00:18',2),(1106,20,4,2,0,'2025-10-28 16:00:30',0),(1107,20,4,2,8,'2025-10-28 16:00:37',6),(1108,20,4,2,0,'2025-10-28 16:00:38',0),(1109,29,4,1,0,'2025-10-28 16:00:38',0),(1110,20,4,2,0,'2025-10-28 16:00:39',0),(1111,29,4,1,0,'2025-10-28 16:00:39',0),(1112,20,4,2,0,'2025-10-28 16:00:40',0),(1113,20,4,2,0,'2025-10-28 16:00:40',0),(1114,29,4,1,0,'2025-10-28 16:00:41',0),(1115,29,4,1,0,'2025-10-28 16:00:41',0),(1116,29,4,1,0,'2025-10-28 16:00:42',0),(1117,29,4,1,0,'2025-10-28 16:00:42',0),(1118,29,4,1,0,'2025-10-28 16:02:59',1),(1119,29,4,1,0,'2025-10-28 16:03:00',0),(1120,29,4,1,0,'2025-10-28 16:03:01',0),(1121,29,4,1,2,'2025-10-28 16:03:05',3),(1122,24,4,4,2,'2025-10-28 16:03:22',1),(1123,20,4,2,18,'2025-10-28 16:04:13',12),(1124,20,4,2,2,'2025-10-28 16:04:18',2),(1125,20,4,2,0,'2025-10-28 16:04:19',1),(1126,20,4,2,2,'2025-10-28 16:04:22',2),(1127,20,4,2,4,'2025-10-28 16:04:27',3),(1128,20,4,2,0,'2025-10-28 16:04:27',0),(1129,20,4,2,5,'2025-10-28 16:04:32',4),(1130,20,4,2,0,'2025-10-28 16:04:32',0),(1131,29,4,1,7,'2025-10-28 16:04:35',6),(1132,20,4,2,4,'2025-10-28 16:04:37',3),(1133,20,4,2,0,'2025-10-28 16:04:37',0),(1134,20,4,2,0,'2025-10-28 16:04:39',1),(1135,20,4,2,0,'2025-10-28 16:04:40',0),(1136,29,4,1,3,'2025-10-28 16:04:40',4),(1137,29,4,1,7,'2025-10-28 16:04:47',7),(1138,29,4,1,9,'2025-10-28 16:04:56',8),(1139,29,4,1,8,'2025-10-28 16:05:04',7),(1140,29,4,1,4,'2025-10-28 16:05:09',4),(1141,29,4,1,4,'2025-10-28 16:05:14',4),(1142,29,4,1,4,'2025-10-28 16:05:20',4),(1143,29,4,1,0,'2025-10-28 16:05:20',0),(1144,29,4,1,1,'2025-10-28 16:05:23',2),(1145,29,4,1,0,'2025-10-28 16:05:25',1),(1146,29,4,1,10,'2025-10-28 16:05:34',8),(1147,29,4,2,4,'2025-10-28 16:05:42',3),(1148,29,4,2,6,'2025-10-28 16:05:47',5),(1149,20,4,2,1,'2025-10-28 16:05:51',2),(1150,20,4,2,1,'2025-10-28 16:05:53',2),(1151,20,4,2,0,'2025-10-28 16:05:55',1),(1152,20,4,2,0,'2025-10-28 16:05:55',0),(1153,29,4,2,10,'2025-10-28 16:05:55',7),(1154,20,4,2,2,'2025-10-28 16:05:58',2),(1155,20,4,2,0,'2025-10-28 16:05:59',0),(1156,29,4,2,5,'2025-10-28 16:06:00',4),(1157,29,4,2,0,'2025-10-28 16:06:02',1),(1158,29,4,2,0,'2025-10-28 16:06:04',1),(1159,20,4,2,20,'2025-10-28 16:06:12',13),(1160,20,4,3,0,'2025-10-28 16:06:14',1),(1161,20,4,3,0,'2025-10-28 16:06:14',0),(1162,20,4,3,3,'2025-10-28 16:06:17',2),(1163,20,4,3,10,'2025-10-28 16:06:24',6),(1164,20,4,3,16,'2025-10-28 16:06:34',9),(1165,20,4,3,5,'2025-10-28 16:06:38',3),(1166,20,4,3,3,'2025-10-28 16:06:41',2),(1167,20,4,3,2,'2025-10-28 16:06:44',2),(1168,20,4,3,2,'2025-10-28 16:06:53',2),(1169,20,4,3,13,'2025-10-28 16:07:02',8),(1170,20,4,3,1,'2025-10-28 16:07:04',1),(1171,20,4,3,7,'2025-10-28 16:07:09',4),(1172,20,4,3,0,'2025-10-28 16:07:09',0),(1173,20,4,3,0,'2025-10-28 16:07:10',0),(1174,20,4,3,6,'2025-10-28 16:07:15',4),(1175,20,4,3,1,'2025-10-28 16:07:17',1),(1176,20,4,3,0,'2025-10-28 16:07:17',0),(1177,20,4,3,0,'2025-10-28 16:07:19',1),(1178,20,4,3,6,'2025-10-28 16:07:24',4),(1179,20,4,3,7,'2025-10-28 16:07:29',4),(1180,20,4,3,3,'2025-10-28 16:07:33',2),(1181,20,4,3,0,'2025-10-28 16:07:47',1),(1182,20,4,3,2,'2025-10-28 16:07:49',2),(1183,20,4,3,15,'2025-10-28 16:07:59',9),(1184,20,4,3,0,'2025-10-28 16:08:00',0),(1185,20,4,3,2,'2025-10-28 16:08:02',2),(1186,20,4,3,1,'2025-10-28 16:08:04',1),(1187,20,4,3,7,'2025-10-28 16:08:09',5),(1188,20,4,3,1,'2025-10-28 16:08:11',1),(1189,20,4,3,0,'2025-10-28 16:08:13',1),(1190,20,4,3,10,'2025-10-28 16:08:20',6),(1191,20,4,3,18,'2025-10-28 16:08:31',10),(1192,20,4,3,4,'2025-10-28 16:08:35',3),(1193,20,4,3,2,'2025-10-28 16:08:38',2),(1194,20,4,3,4,'2025-10-28 16:08:42',3),(1195,20,4,3,2,'2025-10-28 16:08:44',2),(1196,20,4,3,0,'2025-10-28 16:08:45',0),(1197,20,4,3,4,'2025-10-28 16:08:48',3),(1198,20,4,3,1,'2025-10-28 16:08:51',1),(1199,20,4,3,6,'2025-10-28 16:08:55',4),(1200,20,4,3,0,'2025-10-28 16:08:56',0),(1201,20,4,3,0,'2025-10-28 16:08:57',0),(1202,20,4,3,2,'2025-10-28 16:08:59',2),(1203,20,4,3,6,'2025-10-28 16:09:04',4),(1204,20,4,3,5,'2025-10-28 16:09:08',4),(1205,20,4,3,0,'2025-10-28 16:09:09',0),(1206,20,4,3,7,'2025-10-28 16:09:14',5),(1207,20,4,3,0,'2025-10-28 16:09:14',0),(1208,20,4,3,1,'2025-10-28 16:09:16',1),(1209,24,4,4,1,'2025-10-28 16:13:33',1),(1210,20,4,3,0,'2025-10-28 16:13:44',0),(1211,20,4,3,0,'2025-10-28 16:13:45',0),(1212,20,4,3,0,'2025-10-28 16:13:46',0),(1213,29,4,2,1,'2025-10-28 16:13:52',2),(1214,29,4,2,0,'2025-10-28 16:13:52',0),(1215,20,4,3,15,'2025-10-28 16:13:56',9),(1216,20,4,3,0,'2025-10-28 16:13:58',1),(1217,20,4,3,0,'2025-10-28 16:13:58',0),(1218,29,4,2,11,'2025-10-28 16:14:00',8),(1219,20,4,3,11,'2025-10-28 16:14:05',7),(1220,20,4,3,0,'2025-10-28 16:14:07',1),(1221,29,4,2,6,'2025-10-28 16:14:07',5),(1222,29,4,2,0,'2025-10-28 16:14:07',0),(1223,20,4,3,3,'2025-10-28 16:14:10',2),(1224,29,4,2,5,'2025-10-28 16:14:16',4),(1225,20,4,3,9,'2025-10-28 16:14:16',6),(1226,20,4,3,0,'2025-10-28 16:14:18',1),(1227,20,4,3,7,'2025-10-28 16:14:23',5),(1228,20,4,3,0,'2025-10-28 16:14:24',0),(1229,20,4,3,0,'2025-10-28 16:14:25',0),(1230,20,4,3,5,'2025-10-28 16:14:29',3),(1231,20,4,3,0,'2025-10-28 16:14:29',0),(1232,20,4,3,0,'2025-10-28 16:14:30',0),(1233,20,4,3,0,'2025-10-28 16:14:31',1),(1234,24,4,4,16,'2025-10-28 16:15:38',8),(1235,24,4,4,0,'2025-10-28 16:15:39',0),(1236,24,4,4,6,'2025-10-28 16:15:43',4),(1237,24,4,4,31,'2025-10-28 16:16:00',15),(1238,24,4,4,20,'2025-10-28 16:16:16',10),(1239,24,4,4,4,'2025-10-28 16:16:19',2),(1240,24,4,4,12,'2025-10-28 16:16:26',6),(1241,24,4,4,1,'2025-10-28 16:16:28',1),(1242,24,4,4,7,'2025-10-28 16:16:32',4),(1243,24,4,4,34,'2025-10-28 16:16:50',17),(1244,24,4,4,2,'2025-10-28 16:16:52',1),(1245,24,4,4,12,'2025-10-28 16:16:59',6),(1246,24,4,4,6,'2025-10-28 16:17:03',3),(1247,24,4,4,3,'2025-10-28 16:17:05',2),(1248,24,4,4,0,'2025-10-28 16:17:07',1),(1249,24,4,4,13,'2025-10-28 16:17:14',7),(1250,24,4,4,1,'2025-10-28 16:17:15',1),(1251,24,4,4,0,'2025-10-28 16:17:17',1),(1252,24,4,4,22,'2025-10-28 16:17:28',11),(1253,24,4,4,1,'2025-10-28 16:17:30',1),(1254,24,4,4,7,'2025-10-28 16:17:35',4),(1255,24,4,4,9,'2025-10-28 16:17:40',5),(1256,24,4,4,0,'2025-10-28 16:17:41',0),(1257,24,4,4,0,'2025-10-28 16:17:41',0),(1258,24,4,4,3,'2025-10-28 16:17:44',2),(1259,24,4,4,15,'2025-10-28 16:17:52',8),(1260,24,4,4,0,'2025-10-28 16:17:53',0),(1261,24,4,4,2,'2025-10-28 16:17:54',1),(1262,20,4,3,2,'2025-10-28 16:17:56',2),(1263,24,4,4,13,'2025-10-28 16:18:02',7),(1264,24,4,4,2,'2025-10-28 16:18:04',2),(1265,24,4,4,0,'2025-10-28 16:18:04',0),(1266,24,4,4,0,'2025-10-28 16:18:06',1),(1267,24,4,4,3,'2025-10-28 16:18:09',2),(1268,24,4,4,9,'2025-10-28 16:18:14',5),(1269,24,4,4,7,'2025-10-28 16:18:18',4),(1270,24,4,4,5,'2025-10-28 16:18:22',3),(1271,24,4,4,0,'2025-10-28 16:18:22',0),(1272,24,4,4,1,'2025-10-28 16:18:24',1),(1273,24,4,4,1,'2025-10-28 16:18:26',1),(1274,24,4,4,2,'2025-10-28 16:18:28',1),(1275,24,4,4,1,'2025-10-28 16:18:30',1),(1276,24,4,4,0,'2025-10-28 16:18:32',1),(1277,24,4,4,4,'2025-10-28 16:18:35',2),(1278,24,4,4,8,'2025-10-28 16:18:40',4),(1279,24,4,4,4,'2025-10-28 16:18:43',2),(1280,24,4,4,0,'2025-10-28 16:18:44',1),(1281,24,4,4,0,'2025-10-28 16:18:45',1),(1282,24,4,4,0,'2025-10-28 16:18:47',1),(1283,24,4,4,2,'2025-10-28 16:18:49',1),(1284,24,4,4,15,'2025-10-28 16:18:57',8),(1285,20,4,3,0,'2025-10-28 16:19:06',0),(1286,20,4,3,4,'2025-10-28 16:19:09',3),(1287,20,4,3,0,'2025-10-28 16:19:10',0),(1288,20,4,3,0,'2025-10-28 16:20:16',0),(1289,20,4,3,3,'2025-10-28 16:20:19',3),(1290,20,4,3,10,'2025-10-28 16:20:26',6),(1291,20,4,3,3,'2025-10-28 16:20:29',2),(1292,20,4,3,0,'2025-10-28 16:20:31',1),(1293,20,4,3,4,'2025-10-28 16:20:34',3),(1294,20,4,3,0,'2025-10-28 16:20:36',1),(1295,20,4,3,0,'2025-10-28 16:22:04',0),(1296,20,4,3,15,'2025-10-28 16:22:14',9),(1297,20,4,3,0,'2025-10-28 16:22:21',0),(1298,20,4,3,0,'2025-10-28 16:22:22',0),(1299,20,4,3,0,'2025-10-28 16:22:23',1),(1300,20,4,3,2,'2025-10-28 16:22:26',2),(1301,20,4,3,4,'2025-10-28 16:22:29',3),(1302,20,4,3,5,'2025-10-28 16:22:33',3),(1303,20,4,3,9,'2025-10-28 16:22:40',6),(1304,20,4,3,3,'2025-10-28 16:22:43',2),(1305,20,4,3,0,'2025-10-28 16:22:44',0),(1306,20,4,3,0,'2025-10-28 16:22:48',0),(1307,20,4,3,1,'2025-10-28 16:22:49',1),(1308,20,4,3,10,'2025-10-28 16:22:56',6),(1309,20,4,3,0,'2025-10-28 16:22:58',0),(1310,20,4,3,2,'2025-10-28 16:23:01',2),(1311,20,4,3,0,'2025-10-28 16:23:01',0),(1312,20,4,3,4,'2025-10-28 16:23:05',3),(1313,20,4,3,13,'2025-10-28 16:23:13',8),(1314,20,4,3,5,'2025-10-28 16:23:18',3),(1315,20,4,3,0,'2025-10-28 16:23:19',1),(1316,20,4,3,3,'2025-10-28 16:23:22',2),(1317,20,4,3,3,'2025-10-28 16:23:26',3),(1318,20,4,3,0,'2025-10-28 16:23:26',0),(1319,20,4,3,0,'2025-10-28 16:23:28',1),(1320,20,4,3,12,'2025-10-28 16:24:06',7),(1321,20,4,3,4,'2025-10-28 16:24:09',3),(1322,20,4,3,11,'2025-10-28 16:24:17',7),(1323,20,4,3,4,'2025-10-28 16:24:21',3),(1324,20,4,3,10,'2025-10-28 16:24:28',6),(1325,20,4,3,3,'2025-10-28 16:24:31',2),(1326,20,4,3,2,'2025-10-28 16:24:33',2),(1327,20,4,3,0,'2025-10-28 16:24:35',1),(1328,20,4,3,9,'2025-10-28 16:24:41',6),(1329,20,4,3,2,'2025-10-28 16:24:44',2),(1330,20,4,3,4,'2025-10-28 16:24:47',3),(1331,20,4,3,0,'2025-10-28 16:24:49',1),(1332,20,4,3,9,'2025-10-28 16:24:55',6),(1333,20,4,3,4,'2025-10-28 16:24:59',3),(1334,20,4,3,7,'2025-10-28 16:25:04',4),(1335,20,4,3,1,'2025-10-28 16:25:07',1),(1336,20,4,3,19,'2025-10-28 16:25:18',11),(1337,20,4,3,0,'2025-10-28 16:25:19',0),(1338,20,4,3,0,'2025-10-28 16:25:19',0),(1339,20,4,3,10,'2025-10-28 16:25:27',6),(1340,20,4,3,0,'2025-10-28 16:25:28',0),(1341,20,4,3,0,'2025-10-28 16:25:29',0),(1342,20,4,3,0,'2025-10-28 16:25:30',0),(1343,20,4,3,0,'2025-10-28 16:25:30',0),(1344,20,4,3,1,'2025-10-28 16:25:32',1),(1345,20,4,3,0,'2025-10-28 16:25:32',0),(1346,20,4,3,3,'2025-10-28 16:25:35',2),(1347,20,4,3,0,'2025-10-28 16:25:36',0),(1348,20,4,3,0,'2025-10-28 16:25:36',0),(1349,20,4,3,0,'2025-10-28 16:25:37',0),(1350,20,4,3,0,'2025-10-28 16:25:37',0),(1351,20,4,3,0,'2025-10-28 16:25:38',1),(1352,20,4,3,0,'2025-10-28 16:25:40',0),(1353,20,4,3,0,'2025-10-28 16:25:40',0),(1354,20,4,3,0,'2025-10-28 16:25:41',0),(1355,20,4,3,2,'2025-10-28 16:25:43',2),(1356,20,4,3,1,'2025-10-28 16:25:45',1),(1357,20,4,3,1,'2025-10-28 16:25:47',1),(1358,20,4,3,5,'2025-10-28 16:25:51',3),(1359,20,4,3,3,'2025-10-28 16:25:55',2),(1360,20,4,3,4,'2025-10-28 16:25:58',3),(1361,20,4,3,5,'2025-10-28 16:26:03',4),(1362,20,4,3,0,'2025-10-28 16:26:03',0),(1363,20,4,3,10,'2025-10-28 16:26:21',6),(1364,20,4,3,2,'2025-10-28 16:30:31',2),(1365,20,4,3,0,'2025-10-28 16:30:32',1),(1366,20,4,3,6,'2025-10-28 16:30:37',4),(1367,20,4,3,0,'2025-10-28 16:30:39',1),(1368,20,4,3,4,'2025-10-28 16:30:43',3),(1369,20,4,3,4,'2025-10-28 16:30:47',3),(1370,20,4,3,23,'2025-10-28 16:31:01',13),(1371,20,4,3,2,'2025-10-28 16:31:03',2),(1372,20,4,3,4,'2025-10-28 16:31:07',3),(1373,20,4,3,25,'2025-10-28 16:31:22',14),(1374,20,4,3,17,'2025-10-28 16:31:33',10),(1375,20,4,3,5,'2025-10-28 16:31:37',3),(1376,20,4,3,2,'2025-10-28 16:31:39',2),(1377,20,4,3,11,'2025-10-28 16:31:47',7),(1378,24,4,4,0,'2025-10-28 16:31:51',1),(1379,20,4,3,11,'2025-10-28 16:31:54',7),(1380,20,4,3,13,'2025-10-28 16:32:03',8),(1381,24,4,4,27,'2025-10-28 16:32:06',13),(1382,24,4,4,0,'2025-10-28 16:32:08',1),(1383,20,4,3,6,'2025-10-28 16:32:08',4),(1384,24,4,4,0,'2025-10-28 16:32:09',1),(1385,24,4,4,1,'2025-10-28 16:32:11',1),(1386,24,4,4,0,'2025-10-28 16:32:11',0),(1387,24,4,4,0,'2025-10-28 16:32:11',0),(1388,24,4,4,1,'2025-10-28 16:32:13',1),(1389,20,4,3,9,'2025-10-28 16:32:15',6),(1390,20,4,3,0,'2025-10-28 16:32:15',0),(1391,24,4,4,5,'2025-10-28 16:32:17',3),(1392,20,4,3,2,'2025-10-28 16:32:18',2),(1393,20,4,3,2,'2025-10-28 16:32:20',2),(1394,20,4,3,1,'2025-10-28 16:32:22',1),(1395,24,4,4,13,'2025-10-28 16:32:24',7),(1396,20,4,3,2,'2025-10-28 16:32:25',2),(1397,20,4,3,2,'2025-10-28 16:32:27',2),(1398,20,4,3,0,'2025-10-28 16:32:28',0),(1399,24,4,4,6,'2025-10-28 16:32:28',3),(1400,20,4,3,8,'2025-10-28 16:32:33',5),(1401,20,4,3,1,'2025-10-28 16:32:36',1),(1402,20,4,3,0,'2025-10-28 16:32:36',0),(1403,24,4,4,22,'2025-10-28 16:32:40',11),(1404,24,4,4,4,'2025-10-28 16:32:43',2),(1405,20,4,3,12,'2025-10-28 16:32:44',7),(1406,20,4,3,0,'2025-10-28 16:32:44',0),(1407,24,4,4,1,'2025-10-28 16:32:45',1),(1408,20,4,3,0,'2025-10-28 16:32:45',0),(1409,24,4,4,5,'2025-10-28 16:32:48',3),(1410,24,4,4,2,'2025-10-28 16:32:51',2),(1411,24,4,4,0,'2025-10-28 16:32:51',0),(1412,24,4,4,6,'2025-10-28 16:32:55',4),(1413,24,4,4,4,'2025-10-28 16:32:58',2),(1414,24,4,4,4,'2025-10-28 16:33:01',2),(1415,20,4,3,30,'2025-10-28 16:33:02',16),(1416,24,4,4,3,'2025-10-28 16:33:04',2),(1417,24,4,4,4,'2025-10-28 16:33:07',2),(1418,20,4,4,0,'2025-10-28 16:33:08',0),(1419,24,4,4,14,'2025-10-28 16:33:14',7),(1420,24,4,4,1,'2025-10-28 16:33:16',1),(1421,24,4,4,0,'2025-10-28 16:33:17',1),(1422,20,4,4,0,'2025-10-28 16:34:20',0),(1423,20,4,4,4,'2025-10-28 16:34:23',2),(1424,20,4,4,0,'2025-10-28 16:34:25',0),(1425,29,4,2,3,'2025-10-28 16:39:04',3),(1426,29,4,2,0,'2025-10-28 16:39:04',0),(1427,29,4,2,1,'2025-10-28 16:39:06',2),(1428,29,4,2,20,'2025-10-28 16:39:20',13),(1429,29,4,3,20,'2025-10-28 16:39:37',13),(1430,29,4,4,20,'2025-10-28 16:39:51',13),(1431,29,4,5,0,'2025-10-28 16:39:56',1),(1432,29,4,5,0,'2025-10-28 16:39:58',1),(1433,29,4,5,13,'2025-10-28 16:40:08',9),(1434,29,4,5,1,'2025-10-28 16:40:09',1),(1435,29,4,5,0,'2025-10-28 16:40:11',1),(1436,29,4,5,16,'2025-10-28 16:40:22',11),(1437,29,4,5,17,'2025-10-28 16:40:34',12),(1438,29,4,5,1,'2025-10-28 16:40:37',2),(1439,29,4,5,7,'2025-10-28 16:40:43',5),(1440,29,4,5,0,'2025-10-28 16:40:43',0),(1441,29,4,5,20,'2025-10-28 16:40:56',13),(1442,20,4,4,4,'2025-10-28 16:45:39',2),(1443,20,4,4,12,'2025-10-28 16:45:46',6),(1444,20,4,4,2,'2025-10-28 16:45:49',1),(1445,20,4,4,2,'2025-10-28 16:45:52',1),(1446,20,4,4,6,'2025-10-28 16:45:56',3),(1447,20,4,4,0,'2025-10-28 16:45:58',0),(1448,20,4,4,3,'2025-10-28 16:46:01',2),(1449,20,4,4,0,'2025-10-28 16:46:02',0),(1450,20,4,4,2,'2025-10-28 16:46:04',2),(1451,20,4,4,0,'2025-10-28 16:46:06',1),(1452,20,4,4,3,'2025-10-28 16:46:08',2),(1453,20,4,4,1,'2025-10-28 16:46:10',1),(1454,20,4,4,0,'2025-10-28 16:46:11',1),(1455,20,4,4,2,'2025-10-28 16:46:14',2),(1456,20,4,4,3,'2025-10-28 16:46:16',2),(1457,20,4,4,0,'2025-10-28 16:46:17',0),(1458,20,4,4,2,'2025-10-28 16:46:19',2),(1459,20,4,4,0,'2025-10-28 16:46:19',0),(1460,20,4,4,0,'2025-10-28 16:46:21',1),(1461,20,4,4,0,'2025-10-28 16:46:22',1),(1462,20,4,4,15,'2025-10-28 16:46:30',8),(1463,20,4,4,3,'2025-10-28 16:46:33',2),(1464,20,4,4,18,'2025-10-28 16:46:43',9),(1465,20,4,4,4,'2025-10-28 16:46:47',2),(1466,20,4,4,4,'2025-10-28 16:46:50',2),(1467,20,4,4,1,'2025-10-28 16:46:51',1),(1468,20,4,4,4,'2025-10-28 16:46:55',2),(1469,20,4,4,11,'2025-10-28 16:47:01',6),(1470,20,4,4,14,'2025-10-28 16:47:09',7),(1471,20,4,4,3,'2025-10-28 16:47:12',2),(1472,20,4,4,0,'2025-10-28 16:47:13',0),(1473,20,4,4,0,'2025-10-28 16:47:13',0),(1474,20,4,4,0,'2025-10-28 16:47:26',0),(1475,20,4,4,1,'2025-10-28 16:47:27',0),(1476,20,4,4,4,'2025-10-28 16:47:30',2),(1477,20,4,4,0,'2025-10-28 16:47:30',0),(1478,20,4,4,1,'2025-10-28 16:47:32',1),(1479,20,4,4,0,'2025-10-28 16:47:34',1),(1480,20,4,4,0,'2025-10-28 16:47:35',0),(1481,20,4,4,0,'2025-10-28 16:47:35',0),(1482,20,4,4,0,'2025-10-28 16:47:36',0),(1483,20,4,4,0,'2025-10-28 16:47:36',0),(1484,20,4,4,1,'2025-10-28 16:47:38',1),(1485,20,4,4,1,'2025-10-28 16:47:40',1),(1486,20,4,4,4,'2025-10-28 16:47:43',2),(1487,20,4,4,3,'2025-10-28 16:47:46',2),(1488,20,4,4,0,'2025-10-28 16:47:47',0),(1489,20,4,4,1,'2025-10-28 16:47:47',0),(1490,20,4,4,0,'2025-10-28 16:47:49',1),(1491,20,4,4,5,'2025-10-28 16:47:52',3),(1492,20,4,4,0,'2025-10-28 16:47:53',0),(1493,29,4,5,0,'2025-10-28 16:48:25',0),(1494,29,4,5,0,'2025-10-28 16:48:27',0),(1495,29,4,5,5,'2025-10-28 16:48:30',3),(1496,29,4,5,2,'2025-10-28 16:48:32',1),(1497,29,4,5,6,'2025-10-28 16:48:35',3),(1498,31,4,1,3,'2025-10-28 16:49:42',4),(1499,31,4,1,10,'2025-10-28 16:49:50',8),(1500,31,4,2,12,'2025-10-28 16:50:00',9),(1501,31,4,2,0,'2025-10-28 16:50:02',1),(1502,20,4,4,1,'2025-10-28 16:50:08',1),(1503,20,4,4,0,'2025-10-28 16:50:08',0),(1504,20,4,4,2,'2025-10-28 16:50:11',1),(1505,20,4,4,0,'2025-10-28 16:50:11',0),(1506,31,4,2,13,'2025-10-28 16:50:12',9),(1507,31,4,2,0,'2025-10-28 16:50:12',0),(1508,20,4,4,1,'2025-10-28 16:50:12',1),(1509,31,4,2,1,'2025-10-28 16:50:13',1),(1510,31,4,2,0,'2025-10-28 16:50:13',0),(1511,20,4,4,2,'2025-10-28 16:50:17',2),(1512,20,4,4,7,'2025-10-28 16:50:21',4),(1513,20,4,4,5,'2025-10-28 16:50:25',3),(1514,20,4,4,1,'2025-10-28 16:50:27',1),(1515,31,4,2,20,'2025-10-28 16:50:27',13),(1516,20,4,4,2,'2025-10-28 16:50:29',1),(1517,20,4,4,0,'2025-10-28 16:50:29',0),(1518,31,4,3,2,'2025-10-28 16:50:29',2),(1519,20,4,4,5,'2025-10-28 16:50:32',3),(1520,31,4,3,7,'2025-10-28 16:50:34',4),(1521,20,4,4,5,'2025-10-28 16:50:36',3),(1522,31,4,3,1,'2025-10-28 16:50:36',1),(1523,20,4,4,3,'2025-10-28 16:50:39',2),(1524,20,4,4,1,'2025-10-28 16:50:41',1),(1525,20,4,4,0,'2025-10-28 16:50:42',0),(1526,20,4,4,0,'2025-10-28 16:50:43',0),(1527,20,4,4,6,'2025-10-28 16:50:47',3),(1528,20,4,4,2,'2025-10-28 16:50:49',1),(1529,20,4,4,0,'2025-10-28 16:50:49',0),(1530,20,4,4,0,'2025-10-28 16:50:51',1),(1531,31,4,3,27,'2025-10-28 16:50:53',15),(1532,31,4,3,6,'2025-10-28 16:50:58',4),(1533,31,4,3,7,'2025-10-28 16:51:03',4),(1534,31,4,3,0,'2025-10-28 16:51:04',1),(1535,31,4,3,4,'2025-10-28 16:51:08',3),(1536,31,4,3,0,'2025-10-28 16:51:09',1),(1537,31,4,3,0,'2025-10-28 16:51:10',0),(1538,31,4,3,2,'2025-10-28 16:51:12',2),(1539,31,4,3,12,'2025-10-28 16:51:20',7),(1540,31,4,3,6,'2025-10-28 16:51:25',4),(1541,31,4,3,5,'2025-10-28 16:51:29',3),(1542,20,4,4,5,'2025-10-28 16:51:32',3),(1543,31,4,3,4,'2025-10-28 16:51:33',3),(1544,31,4,3,6,'2025-10-28 16:51:37',4),(1545,20,4,4,18,'2025-10-28 16:51:42',9),(1546,20,4,4,0,'2025-10-28 16:51:44',1),(1547,20,4,4,0,'2025-10-28 16:51:44',0),(1548,20,4,4,3,'2025-10-28 16:51:47',2),(1549,20,4,4,4,'2025-10-28 16:51:50',2),(1550,31,4,3,25,'2025-10-28 16:51:52',14),(1551,20,4,4,6,'2025-10-28 16:51:54',3),(1552,20,4,4,4,'2025-10-28 16:51:57',2),(1553,31,4,3,7,'2025-10-28 16:51:57',4),(1554,20,4,4,11,'2025-10-28 16:52:04',6),(1555,20,4,4,5,'2025-10-28 16:52:08',3),(1556,31,4,3,17,'2025-10-28 16:52:08',10),(1557,20,4,4,0,'2025-10-28 16:52:08',0),(1558,20,4,4,4,'2025-10-28 16:52:11',2),(1559,20,4,4,9,'2025-10-28 16:52:17',5),(1560,20,4,4,4,'2025-10-28 16:52:20',2),(1561,20,4,4,0,'2025-10-28 16:52:20',0),(1562,20,4,4,4,'2025-10-28 16:52:23',2),(1563,31,4,3,30,'2025-10-28 16:52:25',16),(1564,20,4,4,2,'2025-10-28 16:52:26',1),(1565,20,4,4,0,'2025-10-28 16:52:27',0),(1566,20,4,4,0,'2025-10-28 16:52:27',0),(1567,31,4,4,8,'2025-10-28 16:52:31',4),(1568,20,4,4,0,'2025-10-28 16:52:31',1),(1569,20,4,4,2,'2025-10-28 16:52:33',1),(1570,20,4,4,0,'2025-10-28 16:52:33',0),(1571,20,4,4,0,'2025-10-28 16:52:35',1),(1572,20,4,4,6,'2025-10-28 16:52:39',3),(1573,31,4,4,19,'2025-10-28 16:52:41',9),(1574,31,4,4,5,'2025-10-28 16:52:44',3),(1575,31,4,4,3,'2025-10-28 16:52:47',2),(1576,20,4,4,6,'2025-10-28 16:52:48',3),(1577,20,4,4,0,'2025-10-28 16:52:48',0),(1578,20,4,4,3,'2025-10-28 16:52:51',2),(1579,20,4,4,2,'2025-10-28 16:52:54',1),(1580,31,4,4,17,'2025-10-28 16:52:56',9),(1581,31,4,4,1,'2025-10-28 16:52:57',1),(1582,20,4,4,8,'2025-10-28 16:52:59',4),(1583,31,4,4,7,'2025-10-28 16:53:02',4),(1584,20,4,4,3,'2025-10-28 16:53:03',2),(1585,31,4,4,1,'2025-10-28 16:53:04',1),(1586,20,4,4,0,'2025-10-28 16:53:05',0),(1587,20,4,4,0,'2025-10-28 16:53:07',1),(1588,20,4,4,1,'2025-10-28 16:53:09',1),(1589,31,4,4,9,'2025-10-28 16:53:09',5),(1590,31,4,4,0,'2025-10-28 16:53:10',0),(1591,20,4,4,6,'2025-10-28 16:53:13',3),(1592,31,4,4,12,'2025-10-28 16:53:16',6),(1593,31,4,4,11,'2025-10-28 16:53:23',6),(1594,20,4,4,23,'2025-10-28 16:53:25',11),(1595,20,4,4,3,'2025-10-28 16:53:33',2),(1596,20,4,4,0,'2025-10-28 16:53:34',1),(1597,20,4,4,0,'2025-10-28 16:53:35',1),(1598,20,4,4,0,'2025-10-28 16:53:36',0),(1599,20,4,4,1,'2025-10-28 16:53:38',1),(1600,31,4,4,31,'2025-10-28 16:53:38',15),(1601,20,4,4,0,'2025-10-28 16:53:39',0),(1602,31,4,4,0,'2025-10-28 16:53:40',1),(1603,20,4,4,0,'2025-10-28 16:53:40',0),(1604,20,4,4,0,'2025-10-28 16:53:41',0),(1605,20,4,4,0,'2025-10-28 16:53:42',1),(1606,20,4,4,9,'2025-10-28 16:53:48',5),(1607,20,4,4,8,'2025-10-28 16:53:52',4),(1608,20,4,4,7,'2025-10-28 16:53:57',4),(1609,31,4,4,37,'2025-10-28 16:53:58',18),(1610,20,4,4,0,'2025-10-28 16:53:59',0),(1611,20,4,4,5,'2025-10-28 16:54:14',3),(1612,20,4,4,17,'2025-10-28 16:54:24',9),(1613,20,4,4,0,'2025-10-28 16:54:24',0),(1614,20,4,4,0,'2025-10-28 16:54:25',1),(1615,20,4,4,5,'2025-10-28 16:54:30',3),(1616,20,4,4,2,'2025-10-28 16:54:32',1),(1617,20,4,4,0,'2025-10-28 16:54:33',0),(1618,20,4,4,0,'2025-10-28 16:54:34',0),(1619,20,4,4,0,'2025-10-28 16:54:35',1),(1620,20,4,4,9,'2025-10-28 16:54:40',5),(1621,20,4,4,1,'2025-10-28 16:55:17',1),(1622,20,4,4,37,'2025-10-28 16:55:36',18),(1623,20,4,4,9,'2025-10-28 16:55:46',5),(1624,20,4,4,0,'2025-10-28 16:55:46',0),(1625,20,4,4,0,'2025-10-28 16:55:47',0),(1626,20,4,4,12,'2025-10-28 16:56:00',6),(1627,20,4,4,1,'2025-10-28 16:56:10',1),(1628,20,4,4,2,'2025-10-28 16:56:13',2),(1629,20,4,4,8,'2025-10-28 16:56:18',4),(1630,20,4,4,3,'2025-10-28 16:56:33',2),(1631,20,4,4,9,'2025-10-28 16:56:39',5),(1632,20,4,4,0,'2025-10-28 16:56:40',0),(1633,20,4,4,2,'2025-10-28 16:56:45',2),(1634,20,4,4,8,'2025-10-28 16:56:50',4),(1635,20,4,4,0,'2025-10-28 16:57:33',0),(1636,20,4,4,6,'2025-10-28 16:57:37',3),(1637,20,4,4,7,'2025-10-28 16:57:42',4),(1638,20,4,4,2,'2025-10-28 16:57:44',2),(1639,20,4,4,1,'2025-10-28 16:57:45',0),(1640,20,4,4,3,'2025-10-28 16:57:47',2),(1641,20,4,4,3,'2025-10-28 16:57:50',2),(1642,20,4,4,5,'2025-10-28 16:57:54',3),(1643,20,4,4,0,'2025-10-28 16:57:55',1),(1644,20,4,4,1,'2025-10-28 16:57:57',1),(1645,20,4,4,6,'2025-10-28 16:58:01',3),(1646,20,4,4,5,'2025-10-28 16:58:05',3),(1647,20,4,4,1,'2025-10-28 16:58:07',1),(1648,20,4,4,14,'2025-10-28 16:58:15',7),(1649,20,4,4,1,'2025-10-28 16:58:17',1),(1650,20,4,4,0,'2025-10-28 16:58:18',0),(1651,20,4,4,0,'2025-10-28 16:58:19',0),(1652,20,4,4,11,'2025-10-28 16:58:25',6),(1653,20,4,4,4,'2025-10-28 16:58:28',2),(1654,20,4,4,0,'2025-10-28 16:58:28',0),(1655,20,4,4,1,'2025-10-28 16:58:30',1),(1656,20,4,4,1,'2025-10-28 16:58:34',1),(1657,20,4,4,0,'2025-10-28 16:58:34',0),(1658,20,4,4,0,'2025-10-28 16:58:35',1),(1659,20,4,4,21,'2025-10-28 16:58:47',10),(1660,20,4,4,3,'2025-10-28 17:27:46',2),(1661,20,4,4,0,'2025-10-28 17:27:47',0),(1662,20,4,4,0,'2025-10-28 17:27:47',0),(1663,20,4,4,0,'2025-10-28 17:27:48',0),(1664,20,4,4,0,'2025-10-28 17:27:48',0),(1665,20,4,4,2,'2025-10-28 17:28:09',1),(1666,20,4,4,3,'2025-10-28 17:28:11',2),(1667,20,4,4,0,'2025-10-28 17:28:12',0),(1668,24,1,1,100,'2025-11-04 16:06:50',23),(1669,24,1,1,70,'2025-11-04 16:07:21',28),(1670,20,4,4,1,'2025-11-04 16:08:19',1),(1671,20,4,4,4,'2025-11-04 16:08:22',2),(1672,20,4,4,0,'2025-11-04 16:08:24',1),(1673,20,4,4,4,'2025-11-04 16:08:27',2),(1674,20,4,4,1,'2025-11-04 16:08:29',1),(1675,20,4,4,5,'2025-11-04 16:08:33',3),(1676,20,4,4,1,'2025-11-04 16:08:35',1),(1677,20,4,4,10,'2025-11-04 16:08:41',5),(1678,20,4,4,5,'2025-11-04 16:08:45',3),(1679,20,4,4,0,'2025-11-04 16:08:45',0),(1680,20,4,4,2,'2025-11-04 16:08:47',2),(1681,20,4,4,0,'2025-11-04 16:08:47',0),(1682,20,4,4,3,'2025-11-04 16:08:50',2),(1683,20,4,4,0,'2025-11-04 16:08:52',1),(1684,20,4,4,5,'2025-11-04 16:08:55',3),(1685,20,4,4,1,'2025-11-04 16:08:57',1),(1686,20,4,4,4,'2025-11-04 16:09:00',2),(1687,20,4,4,2,'2025-11-04 16:09:03',2),(1688,20,4,4,1,'2025-11-04 16:09:05',1),(1689,20,4,4,7,'2025-11-04 16:09:09',4),(1690,20,4,4,0,'2025-11-04 16:09:10',0),(1691,20,4,4,1,'2025-11-04 16:09:11',0),(1692,20,4,4,0,'2025-11-04 16:09:12',1),(1693,20,4,4,0,'2025-11-04 16:09:12',0),(1694,20,4,4,0,'2025-11-04 16:09:13',0),(1695,20,4,4,0,'2025-11-04 16:09:14',1),(1696,20,4,4,0,'2025-11-04 16:09:15',0),(1697,20,4,4,1,'2025-11-04 16:09:16',1),(1698,24,1,1,100,'2025-11-04 16:12:05',27),(1699,24,1,1,10,'2025-11-04 16:12:19',10),(1700,24,1,1,100,'2025-11-04 16:15:47',28),(1701,24,1,1,100,'2025-11-04 16:16:38',18),(1702,24,1,1,100,'2025-11-04 16:17:49',55),(1703,24,1,1,0,'2025-11-04 16:18:03',10),(1704,24,1,1,30,'2025-11-04 16:18:15',5),(1705,24,1,1,40,'2025-11-04 16:19:50',7),(1706,24,1,1,100,'2025-11-04 16:20:04',12),(1707,24,1,1,0,'2025-11-04 16:20:12',5),(1708,24,1,1,0,'2025-11-04 16:20:19',3),(1709,24,1,1,100,'2025-11-04 16:20:48',27),(1710,24,1,1,100,'2025-11-04 16:21:20',29),(1711,24,1,1,100,'2025-11-04 16:21:43',9),(1712,24,1,1,80,'2025-11-04 16:23:52',10),(1713,24,1,1,0,'2025-11-04 16:23:58',2),(1714,24,1,1,10,'2025-11-04 16:24:04',4),(1715,24,1,1,50,'2025-11-04 16:24:13',8),(1716,24,1,1,40,'2025-11-04 16:24:23',8),(1717,24,1,1,70,'2025-11-04 16:24:33',8),(1718,24,1,1,100,'2025-11-04 16:24:46',11),(1719,24,1,1,0,'2025-11-04 16:25:08',8),(1720,24,1,1,90,'2025-11-04 16:25:34',12),(1721,24,1,1,80,'2025-11-04 16:27:58',12),(1722,24,1,1,80,'2025-11-04 16:28:13',13),(1723,24,1,1,100,'2025-11-04 16:28:21',7),(1724,24,1,1,100,'2025-11-04 16:29:19',13),(1725,24,1,1,30,'2025-11-04 16:38:28',546),(1726,24,1,1,100,'2025-11-04 16:38:44',13),(1727,24,1,2,160,'2025-11-04 16:39:01',10),(1728,24,1,2,100,'2025-11-04 16:39:08',5),(1729,24,1,2,80,'2025-11-04 16:39:53',6),(1730,24,1,2,100,'2025-11-04 16:40:15',16),(1731,24,1,2,200,'2025-11-04 16:40:38',19),(1732,24,1,3,60,'2025-11-04 16:40:51',10),(1733,24,1,3,60,'2025-11-04 16:41:01',8),(1734,29,1,1,80,'2025-11-04 16:46:52',21),(1735,29,1,1,40,'2025-11-04 16:47:20',18),(1736,29,1,1,80,'2025-11-04 16:47:48',23),(1737,29,1,1,60,'2025-11-04 16:48:07',17),(1738,29,1,1,30,'2025-11-04 16:48:29',13),(1739,29,1,1,40,'2025-11-04 16:48:46',16),(1740,29,1,1,100,'2025-11-04 16:49:14',27),(1741,29,1,1,110,'2025-11-04 16:49:14',27),(1742,29,1,2,80,'2025-11-04 16:49:42',10),(1743,29,1,2,0,'2025-11-04 16:49:53',8),(1744,29,1,2,220,'2025-11-04 16:50:22',27),(1745,29,1,2,200,'2025-11-04 16:50:22',27),(1746,29,1,3,60,'2025-11-04 16:50:35',10),(1747,29,1,3,0,'2025-11-04 17:02:43',650),(1748,29,1,3,30,'2025-11-06 14:54:19',4),(1749,29,1,3,90,'2025-11-06 14:54:29',5),(1750,29,1,3,60,'2025-11-06 14:54:36',5),(1751,29,1,3,90,'2025-11-06 14:54:42',4),(1752,29,1,3,0,'2025-11-06 14:54:48',4),(1753,29,1,3,150,'2025-11-06 14:54:56',6),(1754,29,1,3,90,'2025-11-06 14:55:03',6),(1755,29,1,3,150,'2025-11-06 14:55:12',7),(1756,29,1,3,60,'2025-11-06 14:55:23',6),(1757,29,1,3,180,'2025-11-06 14:55:36',12),(1758,29,1,3,120,'2025-11-06 14:55:53',15),(1759,29,4,5,1,'2025-11-06 15:02:36',1),(1760,29,4,5,5,'2025-11-06 15:02:39',3),(1761,29,4,5,2,'2025-11-06 15:02:46',1),(1762,29,4,5,8,'2025-11-06 15:02:51',4),(1763,29,4,5,0,'2025-11-06 15:02:52',0),(1764,29,4,5,7,'2025-11-06 15:02:56',3),(1765,29,4,5,9,'2025-11-06 15:03:01',4),(1766,29,4,5,4,'2025-11-06 15:03:04',2),(1767,29,4,5,0,'2025-11-06 15:03:04',0),(1768,29,4,5,3,'2025-11-06 15:03:06',2),(1769,29,4,5,0,'2025-11-06 15:03:07',0),(1770,29,4,5,0,'2025-11-06 15:03:08',0),(1771,29,4,5,0,'2025-11-06 15:03:09',0),(1772,29,4,5,5,'2025-11-06 15:03:18',3),(1773,24,4,4,10,'2025-11-06 15:26:36',5),(1774,24,4,4,1,'2025-11-06 15:26:37',1),(1775,24,4,4,6,'2025-11-06 15:26:45',3),(1776,24,4,4,4,'2025-11-06 15:26:49',2),(1777,24,4,4,21,'2025-11-06 15:27:00',10),(1778,24,4,4,10,'2025-11-06 15:27:05',5),(1779,24,4,4,1,'2025-11-06 15:27:07',1),(1780,24,4,4,7,'2025-11-06 15:27:12',4),(1781,24,4,4,2,'2025-11-06 15:27:14',2),(1782,24,4,4,11,'2025-11-06 15:27:21',6),(1783,24,4,4,2,'2025-11-06 15:27:23',2),(1784,24,4,4,2,'2025-11-06 15:27:25',2),(1785,24,4,4,6,'2025-11-06 15:27:29',3),(1786,24,4,4,26,'2025-11-06 15:27:42',13),(1787,24,4,4,3,'2025-11-06 15:27:45',2),(1788,24,4,4,5,'2025-11-06 15:27:49',3),(1789,24,4,4,1,'2025-11-06 15:27:50',1),(1790,24,4,4,20,'2025-11-06 15:28:01',10),(1791,24,4,4,0,'2025-11-06 15:28:02',1),(1792,24,4,4,0,'2025-11-06 15:28:03',0),(1793,24,4,4,7,'2025-11-06 15:28:07',4),(1794,24,4,4,4,'2025-11-06 15:28:10',3),(1795,24,4,4,1,'2025-11-06 15:28:12',1),(1796,24,4,4,0,'2025-11-06 15:28:12',0),(1797,24,4,4,14,'2025-11-06 15:28:20',7),(1798,24,4,4,0,'2025-11-06 15:28:21',1),(1799,24,4,4,7,'2025-11-06 15:28:26',4),(1800,24,4,4,7,'2025-11-06 15:28:30',4),(1801,24,4,4,29,'2025-11-06 15:28:45',14),(1802,24,4,4,3,'2025-11-06 15:28:48',2),(1803,24,4,4,7,'2025-11-06 15:28:53',4),(1804,24,4,4,12,'2025-11-06 15:28:59',6),(1805,24,4,4,22,'2025-11-06 15:29:11',11),(1806,24,4,4,10,'2025-11-06 15:29:17',5),(1807,24,4,4,2,'2025-11-06 15:29:19',2),(1808,24,4,4,6,'2025-11-06 15:29:23',3),(1809,24,4,4,1,'2025-11-06 15:29:25',1),(1810,24,4,4,0,'2025-11-06 15:29:25',0),(1811,24,4,4,3,'2025-11-06 15:29:28',2),(1812,24,4,4,0,'2025-11-06 15:29:29',0),(1813,24,4,4,20,'2025-11-06 15:29:39',10),(1814,24,4,4,2,'2025-11-06 15:29:41',2),(1815,24,4,4,8,'2025-11-06 15:29:46',4),(1816,24,4,4,0,'2025-11-06 15:29:47',0),(1817,24,4,4,3,'2025-11-06 15:29:49',2),(1818,24,4,4,8,'2025-11-06 15:29:54',4),(1819,24,4,4,2,'2025-11-06 15:29:57',2),(1820,24,4,4,6,'2025-11-06 15:30:01',4),(1821,24,4,4,5,'2025-11-06 15:30:04',3),(1822,24,4,4,0,'2025-11-06 15:30:06',1),(1823,24,4,4,5,'2025-11-06 15:30:10',3),(1824,24,4,4,9,'2025-11-06 15:30:15',5),(1825,24,4,4,8,'2025-11-06 15:30:20',4),(1826,24,4,4,3,'2025-11-06 15:30:23',2),(1827,24,4,4,0,'2025-11-06 15:30:23',0),(1828,24,4,4,7,'2025-11-06 15:30:27',4),(1829,24,4,4,0,'2025-11-06 15:30:29',1),(1830,24,4,4,0,'2025-11-06 15:30:29',0),(1831,24,4,4,1,'2025-11-06 15:30:37',1),(1832,24,4,4,2,'2025-11-06 15:30:39',2),(1833,24,4,4,15,'2025-11-06 15:30:48',8),(1834,24,4,4,4,'2025-11-06 15:30:51',2),(1835,24,4,4,8,'2025-11-06 15:30:56',4),(1836,24,4,4,0,'2025-11-06 15:30:57',1),(1837,24,4,4,1,'2025-11-06 15:30:59',1),(1838,24,4,4,1,'2025-11-06 15:31:01',1),(1839,24,4,4,0,'2025-11-06 15:31:01',0),(1840,24,4,4,15,'2025-11-06 15:31:09',8),(1841,24,4,4,5,'2025-11-06 15:31:13',3),(1842,24,4,4,2,'2025-11-06 15:31:15',2),(1843,24,4,4,13,'2025-11-06 15:31:22',7),(1844,24,4,4,2,'2025-11-06 15:31:24',2),(1845,24,4,4,5,'2025-11-06 15:31:28',3),(1846,24,4,4,3,'2025-11-06 15:31:31',2),(1847,24,4,4,4,'2025-11-06 15:31:34',3),(1848,24,4,4,0,'2025-11-06 15:31:35',1),(1849,24,4,4,2,'2025-11-06 15:31:38',2),(1850,24,4,4,7,'2025-11-06 15:31:42',4),(1851,24,4,4,13,'2025-11-06 15:31:50',7),(1852,24,4,4,12,'2025-11-06 15:31:57',6),(1853,24,4,4,2,'2025-11-06 15:31:59',2),(1854,24,4,4,0,'2025-11-06 15:32:00',1),(1855,24,4,4,8,'2025-11-06 15:32:05',4),(1856,24,4,4,0,'2025-11-06 15:32:06',0),(1857,24,4,4,8,'2025-11-06 15:32:11',4),(1858,24,4,4,4,'2025-11-06 15:32:14',2),(1859,24,4,4,0,'2025-11-06 15:32:15',1),(1860,24,4,4,0,'2025-11-06 15:32:17',1),(1861,24,4,4,0,'2025-11-06 15:32:18',1),(1862,24,4,4,14,'2025-11-06 15:32:26',7),(1863,24,4,4,6,'2025-11-06 15:32:31',3),(1864,24,4,4,4,'2025-11-06 15:32:34',2),(1865,24,4,4,10,'2025-11-06 15:32:40',5),(1866,24,4,4,7,'2025-11-06 15:32:44',4),(1867,24,4,4,5,'2025-11-06 15:32:48',3),(1868,24,4,4,0,'2025-11-06 15:32:49',1),(1869,24,4,4,1,'2025-11-06 15:32:51',1),(1870,24,4,4,8,'2025-11-06 15:32:56',4),(1871,24,4,4,0,'2025-11-06 15:32:58',1),(1872,24,4,4,9,'2025-11-06 15:33:03',5),(1873,24,4,4,6,'2025-11-06 15:33:07',3);
/*!40000 ALTER TABLE `partides` ENABLE KEYS */;
UNLOCK TABLES;

--
-- Table structure for table `progres_usuari`
--

DROP TABLE IF EXISTS `progres_usuari`;
/*!40101 SET @saved_cs_client     = @@character_set_client */;
/*!50503 SET character_set_client = utf8mb4 */;
CREATE TABLE `progres_usuari` (
  `id` int NOT NULL AUTO_INCREMENT,
  `usuari_id` int NOT NULL,
  `joc_id` int NOT NULL,
  `nivell_actual` int DEFAULT '1',
  `puntuacio_maxima` int DEFAULT '0',
  `partides_jugades` int DEFAULT '0',
  `ultima_partida` datetime DEFAULT NULL,
  PRIMARY KEY (`id`),
  KEY `usuari_id` (`usuari_id`),
  KEY `joc_id` (`joc_id`),
  CONSTRAINT `progres_usuari_ibfk_1` FOREIGN KEY (`usuari_id`) REFERENCES `usuaris` (`id`) ON DELETE CASCADE,
  CONSTRAINT `progres_usuari_ibfk_2` FOREIGN KEY (`joc_id`) REFERENCES `jocs` (`id`) ON DELETE CASCADE
) ENGINE=InnoDB AUTO_INCREMENT=19 DEFAULT CHARSET=utf8mb4 COLLATE=utf8mb4_unicode_ci;
/*!40101 SET character_set_client = @saved_cs_client */;

--
-- Dumping data for table `progres_usuari`
--

LOCK TABLES `progres_usuari` WRITE;
/*!40000 ALTER TABLE `progres_usuari` DISABLE KEYS */;
INSERT INTO `progres_usuari` VALUES (10,1,4,3,16,48,'2025-10-24 20:45:16'),(11,24,4,4,34,905,'2025-11-06 15:33:07'),(12,27,4,2,15,24,'2025-10-24 21:32:36'),(13,28,4,4,18,162,'2025-10-28 15:55:53'),(14,20,4,4,37,547,'2025-11-04 16:09:16'),(15,29,4,5,20,70,'2025-11-06 15:03:18'),(16,31,4,4,37,44,'2025-10-28 16:53:58'),(17,24,1,3,60,38,'2025-11-04 16:41:01'),(18,29,1,3,180,23,'2025-11-06 14:55:53');
/*!40000 ALTER TABLE `progres_usuari` ENABLE KEYS */;
UNLOCK TABLES;

--
-- Table structure for table `usuaris`
--

DROP TABLE IF EXISTS `usuaris`;
/*!40101 SET @saved_cs_client     = @@character_set_client */;
/*!50503 SET character_set_client = utf8mb4 */;
CREATE TABLE `usuaris` (
  `id` int NOT NULL AUTO_INCREMENT,
  `nom_usuari` varchar(50) COLLATE utf8mb4_unicode_ci NOT NULL,
  `email` varchar(100) COLLATE utf8mb4_unicode_ci NOT NULL,
  `password_hash` varchar(255) COLLATE utf8mb4_unicode_ci NOT NULL,
  `nom_complet` varchar(100) COLLATE utf8mb4_unicode_ci DEFAULT NULL,
  `foto_perfil` varchar(255) COLLATE utf8mb4_unicode_ci DEFAULT './fotos/default.png',
  `data_registre` datetime DEFAULT CURRENT_TIMESTAMP,
  PRIMARY KEY (`id`),
  UNIQUE KEY `nom_usuari` (`nom_usuari`),
  UNIQUE KEY `email` (`email`)
) ENGINE=InnoDB AUTO_INCREMENT=32 DEFAULT CHARSET=utf8mb4 COLLATE=utf8mb4_unicode_ci;
/*!40101 SET character_set_client = @saved_cs_client */;

--
-- Dumping data for table `usuaris`
--

LOCK TABLES `usuaris` WRITE;
/*!40000 ALTER TABLE `usuaris` DISABLE KEYS */;
INSERT INTO `usuaris` VALUES (1,'elbala','yasser@gmail.com','yasser','Yasser Eskali','./fotos/default.png','2025-10-17 13:28:13'),(2,'uramani','um@gmail.com','123','Uriel Marin','./fotos/default.png','2025-10-17 13:41:30'),(6,'uramani1','um1@gmail.com','12345','1Uriel Marin','./fotos/default.png','2025-10-17 13:42:19'),(9,'uramani11','um11@gmail.com','12345','1Uriel Marin','./fotos/default.png','2025-10-17 13:43:52'),(10,'uramani111','um111@gmail.com','12345','1Uriel Marin1','./fotos/default.png','2025-10-17 13:44:20'),(11,'2mani111','um1121@gmail.com','12345','1U2riel Marin1','./fotos/default.png','2025-10-17 13:44:31'),(12,'asdasd','asdasd@gmail.com','234','asdasd','./fotos/default.png','2025-10-17 13:47:04'),(19,'yasser1','yas1ser@gmail.com','12313','asdasd1','./fotos/default.png','2025-10-17 13:55:27'),(20,'umarinas','uriel_marinassegovia@iescarlesvallbona.cat','asixcv','uriel','./fotos/images.jpeg','2025-10-17 14:26:49'),(23,'yasser112323','yass12323er@gmail.com','123213213123','Yasser Eskali1','./fotos/default.png','2025-10-17 14:49:44'),(24,'yasser','yasser_eskalidarouiche@iescarlesvallbona.cat','yasser','Yasser Eskali','./fotos/mbappe-donatello-kzAD--1200x630@diario_abc.jpg','2025-10-21 14:36:41'),(25,'Paco','paco@mermela.com','1234','Paco Mermela DeLado','./fotos/20160721-11979461w.jpg','2025-10-21 14:53:10'),(26,'juanito','juanito@example.com','ef92b778bafe771e89245b89ecbc08a44a4e166c06659911881f383d4473e94f','Juan P칠rez','./fotos/default.png','2025-10-21 15:05:17'),(27,'papa','papa@gmail.com','papa','papa','./fotos/default.png','2025-10-24 21:14:48'),(28,'salvi','salvi@gmail.com','salvi','Salvi Badosa','./fotos/default.png','2025-10-28 15:39:05'),(29,'huevo','hevi@gmail.com','huevo','mamahuevo','./fotos/default.png','2025-10-28 16:00:10'),(30,'niggers','niggers@negro.com','niggers','niggers','./fotos/default.png','2025-10-28 16:07:15'),(31,'tuma','tua@gmail.com','tuma','tuma','./fotos/default.png','2025-10-28 16:48:58');
/*!40000 ALTER TABLE `usuaris` ENABLE KEYS */;
UNLOCK TABLES;
/*!40103 SET TIME_ZONE=@OLD_TIME_ZONE */;

/*!40101 SET SQL_MODE=@OLD_SQL_MODE */;
/*!40014 SET FOREIGN_KEY_CHECKS=@OLD_FOREIGN_KEY_CHECKS */;
/*!40014 SET UNIQUE_CHECKS=@OLD_UNIQUE_CHECKS */;
/*!40101 SET CHARACTER_SET_CLIENT=@OLD_CHARACTER_SET_CLIENT */;
/*!40101 SET CHARACTER_SET_RESULTS=@OLD_CHARACTER_SET_RESULTS */;
/*!40101 SET COLLATION_CONNECTION=@OLD_COLLATION_CONNECTION */;
/*!40111 SET SQL_NOTES=@OLD_SQL_NOTES */;

-- Dump completed on 2025-11-06 15:40:57
